DSID,indicator_category,metric_name,AOI,year,final_table,webtool_name,metric_description,metric_units,UUID,Source_Name,Source_URL,Date_Downloaded,Metadata,
1,Anthropogenic,CBNF[AOI],"Cat, Ws",,AgriculturalNitrogen,Cultivated Biological Nitrogen Fixation Mean Rate,"Mean rate of biological nitrogen fixation from the cultivation of crops in kg N/ha/yr, within AOI",mean rate kilogram Nitrogen/hectare/year,9eae0ab2-0861-4e0f-8c77-b0033af1eecf,EnviroAtlas,http://enviroatlas.epa.gov/enviroatlas/Datafactsheets/pdf/ESN/CultivatedBiologicalNitrogenFixation.pdf,3/17/2016,https://edg.epa.gov/metadata/catalog/search/resource/details.page?uuid=9eae0ab2-0861-4e0f-8c77-b0033af1eecf,
1,Anthropogenic,Fert[AOI],"Cat, Ws",,AgriculturalNitrogen,Synthetic Nitrogen Fertilizer Application Mean Rate,"Mean rate of synthetic nitrogen fertilizer application to agricultural land in kg N/ha/yr, within the AOI",mean rate kilogram Nitrogen/hectare/year,9eae0ab2-0861-4e0f-8c77-b0033af1eecf,EnviroAtlas,https://enviroatlas.epa.gov/enviroatlas/DataFactSheets/pdf/ESN/Syntheticnitrogenfertilizerapplication.pdf,3/17/2016,https://edg.epa.gov/metadata/catalog/search/resource/details.page?uuid=9eae0ab2-0861-4e0f-8c77-b0033af1eecf,
1,Anthropogenic,Manure[AOI],"Cat, Ws",,AgriculturalNitrogen,Mean Manure Application Rate,"Mean rate of manure application to agricultural land from confined animal feeding operations in kg N/ha/yr, within AOI",mean rate kilogram Nitrogen/hectare/year,9eae0ab2-0861-4e0f-8c77-b0033af1eecf,EnviroAtlas,http://enviroatlas.epa.gov/EnviroAtlas/DataFactSheets/pdf/ESN/ManureApplication.pdf,3/17/2016,https://edg.epa.gov/metadata/catalog/search/resource/details.page?uuid=9eae0ab2-0861-4e0f-8c77-b0033af1eecf,
2,Natural,BFI[AOI],"Cat, Ws",,BFI,Base Flow Index,"Baseflow is the component of streamflow that can be attributed to ground-water discharge into streams. The Baseflow Index (BFI) is the ratio of baseflow to total flow, expressed as a percentage, within AOI.",Percent,66C0ED41-2707-4732-A906-E9D89E8F5A6B,USGS Water Mission Area,http://water.usgs.gov/GIS/metadata/usgswrd/XML/bfi48grd.xml,3/10/2015,https://edg.epa.gov/metadata/catalog/search/resource/details.page?uuid=66C0ED41-2707-4732-A906-E9D89E8F5A6B,
3,Anthropogenic,CanalDens[AOI],"Cat, Ws",,CanalDensity,Canal Density    ,"Density of NHDPlus line features classified as canal, ditch, or pipeline within the AOI or watershed.",Kilometers / Square Kilometer,6B8EB461-6624-4B62-B163-D01A65669EE1,Falcone et al. 2010,https://esajournals.onlinelibrary.wiley.com/doi/abs/10.1890/09-0889.1,5/16/2016,https://edg.epa.gov/metadata/catalog/search/resource/details.page?uuid=6B8EB461-6624-4B62-B163-D01A65669EE1,"Specifc metadata not located, generic StreamCat metadata URL used."
4,Anthropogenic,CoalMineDens[AOI],"Cat, Ws",,CoalMines,Coal Mine Density,Density of coal mines sites within AOI (mines/square km),sites/square kilometer,087CFE54-7465-410E-B2DF-07B5F94FCC15,USGS NCRDS,http://ncrdspublic.er.usgs.gov/ncrds_data/,3/3/2015,https://edg.epa.gov/metadata/catalog/search/resource/details.page?uuid=087CFE54-7465-410E-B2DF-07B5F94FCC15,"Specifc metadata not located, generic StreamCat metadata URL used."
5,Anthropogenic,DamDens[AOI],"Cat, Ws",,Dams,Dam Density,Density of georeferenced dams within AOI (dams/ square km) based on the National Inventory of Dams (https://catalog.data.gov/dataset/national-inventory-of-dams),dams/km2,C64137B3-B0C3-428D-A7A0-62DF27816CA9,USGS NAWQA,ftp://ftpext.usgs.gov/pub/er/va/reston/NAWQA_ENS/GIS_DATA/dams/,2/13/2016,https://edg.epa.gov/metadata/catalog/search/resource/details.page?uuid=C64137B3-B0C3-428D-A7A0-62DF27816CA9,
5,Anthropogenic,DamNIDStor[AOI],"Cat, Ws",,Dams,Dam Resevoir NID Volume,Total possible volume of all reservoirs (NID_STORA in NID) per unit area of AOI (cubic meters/square km) based on the National Inventory of Dams (https://catalog.data.gov/dataset/national-inventory-of-dams),cubic meters/square kilometer,C64137B3-B0C3-428D-A7A0-62DF27816CA9,USGS NAWQA,ftp://ftpext.usgs.gov/pub/er/va/reston/NAWQA_ENS/GIS_DATA/dams/,2/13/2016,https://edg.epa.gov/metadata/catalog/search/resource/details.page?uuid=C64137B3-B0C3-428D-A7A0-62DF27816CA9,
5,Anthropogenic,DamNrmStor[AOI],"Cat, Ws",,Dams,Dam Resevoir Normal Volume,Normal (most common) volume of all reservoirs (NORM_STORA in NID) per unit area of AOI (cubic meters/square km) based on the National Inventory of Dams (https://catalog.data.gov/dataset/national-inventory-of-dams),cubic meters/square kilometer,C64137B3-B0C3-428D-A7A0-62DF27816CA9,USGS NAWQA,ftp://ftpext.usgs.gov/pub/er/va/reston/NAWQA_ENS/GIS_DATA/dams/,2/13/2016,https://edg.epa.gov/metadata/catalog/search/resource/details.page?uuid=C64137B3-B0C3-428D-A7A0-62DF27816CA9,
6,Natural,Elev[AOI],"Cat, Ws",,Elevation,Mean Elevation,Mean AOI elevation in meters.,Meters,1730F0BC-7019-4821-8B31-4A6E7B3DA625,NHDPlusV2,http://www.horizon-systems.com/NHDPlus/NHDPlusV2_home.php,NOT FOUND,https://edg.epa.gov/metadata/catalog/search/resource/details.page?uuid=1730F0BC-7019-4821-8B31-4A6E7B3DA625,
8,Anthropogenic,NPDESDens[AOI],"Cat, Ws, CatRp100, WsRp100",,EPA_FRS,NPDES Site Density,Density of permitted NPDES (National Pollutant Discharge Elimination System) sites within AOI (sites/square km),sites/square kilometer,630C3CAA-B678-45FC-8641-E91C591BE13F,EPA FRS,https://www.epa.gov/frs/geospatial-data-download-service,3/11/2016,https://edg.epa.gov/metadata/catalog/search/resource/details.page?uuid=630C3CAA-B678-45FC-8641-E91C591BE13F,
8,Anthropogenic,SuperfundDens[AOI],"Cat, Ws, CatRp100, WsRp100",,EPA_FRS,Superfund Site Density,Density of Superfund sites within AOI (sites/square km),Percent,630C3CAA-B678-45FC-8641-E91C591BE13F,EPA FRS,https://www.epa.gov/frs/geospatial-data-download-service,2/26/2014,https://edg.epa.gov/metadata/catalog/search/resource/details.page?uuid=630C3CAA-B678-45FC-8641-E91C591BE13F,
8,Anthropogenic,TRIDens[AOI],"Cat, Ws, CatRp100, WsRp100",,EPA_FRS,Toxic Release Inventory Site,Density of TRI (Toxic Release Inventory) sites within AOI (sites/square km),CatSum / CatCount,630C3CAA-B678-45FC-8641-E91C591BE13F,EPA FRS,https://www.epa.gov/frs/geospatial-data-download-service,2/26/2014,https://edg.epa.gov/metadata/catalog/search/resource/details.page?uuid=630C3CAA-B678-45FC-8641-E91C591BE13F,
10,Natural,PctFire[Year][AOI],"Cat, Ws, CatRp100, WsRp100","2000, 2001, 2002, 2003, 2004, 2005, 2006, 2007, 2008, 2009, 2010",FirePerimeters,Forest Fire Loss,% Forest loss to fire (fire perimeter) for each year within AOI,Percent,1179C18B-1EDF-4102-A93A-F77F2772E769,USGS,https://www.sciencebase.gov/catalog/folder/4f4e4767e4b07f02db47e0af,11/10/2015,https://edg.epa.gov/metadata/catalog/search/resource/details.page?uuid=1179C18B-1EDF-4102-A93A-F77F2772E769,
12,Natural,PctFrstLoss[Year][AOI],"Cat, Ws, CatRp100, WsRp100","2000, 2001, 2002, 2003, 2004, 2005, 2006, 2007, 2008, 2009, 2010, 2011, 2012, 2013",ForestLoss,Forest Loss,% Forest cover loss (Tree canopy cover change) for each year within AOI,Percent,14889232-F9DE-468E-854D-9C11A25238D5,University of Maryland,http://earthenginepartners.appspot.com/science-2013-global-forest/download_v1.1.html,11/2/2020,https://edg.epa.gov/metadata/catalog/search/resource/details.page?uuid=14889232-F9DE-468E-854D-9C11A25238D5,
13,Natural,Al2O3[AOI],"Cat, Ws",,GeoChemPhys1,Mean Lithological Aluminum Oxide,Mean % of lithological aluminum oxide (Al2O3) content in surface or near surface geology within AOI,Percent,61F319E2-0048-4FEE-A3BF-4B1298EB93FE,USGS Sciencebase,https://www.sciencebase.gov/catalog/folder/53481333e4b06f6ce034aae7,4/15/2015,https://edg.epa.gov/metadata/catalog/search/resource/details.page?uuid=61F319E2-0048-4FEE-A3BF-4B1298EB93FE,
13,Natural,CaO[AOI],"Cat, Ws",,GeoChemPhys1,Mean Lithological Calcium Oxide,Mean % of lithological calcium oxide (CaO) content in surface or near surface geology within AOI,Percent,61F319E2-0048-4FEE-A3BF-4B1298EB93FE,USGS Sciencebase,https://www.sciencebase.gov/catalog/folder/53481333e4b06f6ce034aae7,4/15/2014,https://edg.epa.gov/metadata/catalog/search/resource/details.page?uuid=61F319E2-0048-4FEE-A3BF-4B1298EB93FE,
13,Natural,Fe2O3[AOI],"Cat, Ws",,GeoChemPhys1,Mean Lithological Ferric Oxide,Mean % of lithological ferric oxide (Fe2O3) content in surface or near surface geology within AOI,Percent,61F319E2-0048-4FEE-A3BF-4B1298EB93FE,USGS Sciencebase,https://www.sciencebase.gov/catalog/folder/53481333e4b06f6ce034aae7,4/16/2015,https://edg.epa.gov/metadata/catalog/search/resource/details.page?uuid=61F319E2-0048-4FEE-A3BF-4B1298EB93FE,
13,Natural,K2O[AOI],"Cat, Ws",,GeoChemPhys1,InorgNWetDep,Mean % of lithological potassium oxide (K2O) content in surface or near surface geology within AOI,Percent,61F319E2-0048-4FEE-A3BF-4B1298EB93FE,USGS Sciencebase,https://www.sciencebase.gov/catalog/folder/53481333e4b06f6ce034aae7,4/15/2015,https://edg.epa.gov/metadata/catalog/search/resource/details.page?uuid=61F319E2-0048-4FEE-A3BF-4B1298EB93FE,
13,Natural,MgO[AOI],"Cat, Ws",,GeoChemPhys1,Mean Lithological Magnesium Oxide,Mean % of lithological magnesium oxide (MgO) content in surface or near surface geology within AOI,Percent,61F319E2-0048-4FEE-A3BF-4B1298EB93FE,USGS Sciencebase,https://www.sciencebase.gov/catalog/folder/53481333e4b06f6ce034aae7,12/19/2019,https://edg.epa.gov/metadata/catalog/search/resource/details.page?uuid=61F319E2-0048-4FEE-A3BF-4B1298EB93FE,
13,Natural,Na2O[AOI],"Cat, Ws",,GeoChemPhys1,Mean Lithological Sodium Oxide,Mean % of lithological sodium oxide (Na2O) content in surface or near surface geology within AOI,Percent,61F319E2-0048-4FEE-A3BF-4B1298EB93FE,USGS Sciencebase,https://www.sciencebase.gov/catalog/folder/53481333e4b06f6ce034aae7,12/19/2019,https://edg.epa.gov/metadata/catalog/search/resource/details.page?uuid=61F319E2-0048-4FEE-A3BF-4B1298EB93FE,
13,Natural,P2O5[AOI],"Cat, Ws",,GeoChemPhys1,Mean Lithological Phosphorous Oxide,Mean % of lithological phosphorous oxide (P2O5) content in surface or near surface geology within AOI,Percent,61F319E2-0048-4FEE-A3BF-4B1298EB93FE,USGS Sciencebase,https://www.sciencebase.gov/catalog/folder/53481333e4b06f6ce034aae7,12/14/2021,https://edg.epa.gov/metadata/catalog/search/resource/details.page?uuid=61F319E2-0048-4FEE-A3BF-4B1298EB93FE,
13,Natural,S[AOI],"Cat, Ws",,GeoChemPhys1,Mean Lithological Sulfur,Mean % of lithological sulfur (S) content in surface or near surface geology within AOI,Percent,61F319E2-0048-4FEE-A3BF-4B1298EB93FE,USGS Sciencebase,https://www.sciencebase.gov/catalog/folder/53481333e4b06f6ce034aae7,4/15/2015,https://edg.epa.gov/metadata/catalog/search/resource/details.page?uuid=61F319E2-0048-4FEE-A3BF-4B1298EB93FE,
14,Natural,N[AOI],"Cat, Ws",,GeoChemPhys2,Mean Lithological Nitrogen,Mean % of lithological nitrogen (N) content in surface or near surface geology within AOI,Celsius,61F319E2-0048-4FEE-A3BF-4B1298EB93FE,USGS Sciencebase,https://www.sciencebase.gov/catalog/folder/53481333e4b06f6ce034aae7,12/19/2019,https://edg.epa.gov/metadata/catalog/search/resource/details.page?uuid=61F319E2-0048-4FEE-A3BF-4B1298EB93FE,
15,Natural,HydrlCond[AOI],"Cat, Ws",,GeoChemPhys3,Mean Hydraulic Conductivity,Mean lithological hydraulic conductivity (micrometers per second) content in surface or near surface geology within AOI,Percent,61F319E2-0048-4FEE-A3BF-4B1298EB93FE,USGS Sciencebase,https://www.sciencebase.gov/catalog/folder/53481333e4b06f6ce034aae7,4/15/2015,https://edg.epa.gov/metadata/catalog/search/resource/details.page?uuid=61F319E2-0048-4FEE-A3BF-4B1298EB93FE,
15,Natural,Perm[AOI],"Cat, Ws",,STATSGO_Set2,Mean Permeability,Mean permeability (cm/hour) of soils (STATSGO) within AOI.,Percent,EBB945ED-0151-4DBF-8FE0-806165A58973,Carlisle et al. 2009,https://link.springer.com/article/10.1007/s10661-008-0256-z,1/6/2014,0,"Specifc metadata not located, generic StreamCat metadata URL used."
16,Natural,CompStrgth[AOI],"Cat, Ws",,GeoChemPhys4,Mean Lithological Compressive Strength,Mean lithological uniaxial compressive strength (megaPascals) content in surface or near surface geology within AOI,Percent,61F319E2-0048-4FEE-A3BF-4B1298EB93FE,USGS Sciencebase,https://www.sciencebase.gov/catalog/folder/53481333e4b06f6ce034aae7,12/19/2019,https://edg.epa.gov/metadata/catalog/search/resource/details.page?uuid=61F319E2-0048-4FEE-A3BF-4B1298EB93FE,
17,Anthropogenic,CONN[AOI],"Cat, Ws",,ICI_IWI_v2_1,CONN,Hydrologic connectivity component score calculated using AOI metrics,NA,520397B1-342A-45EA-B8F9-B05694C0A194,Johnson et al. 2019,https://www.ncbi.nlm.nih.gov/pmc/articles/PMC6469687/,2/15/2020,https://edg.epa.gov/metadata/catalog/search/resource/details.page?uuid=520397B1-342A-45EA-B8F9-B05694C0A194,"Specifc metadata not located, generic StreamCat metadata URL used."
17,Anthropogenic,HABT[AOI],"Cat, Ws",,ICI_IWI_v2_1,HABT,Habitat provision component score calculated using AOI metrics,index value ,520397B1-342A-45EA-B8F9-B05694C0A194,Johnson et al. 2019,https://www.ncbi.nlm.nih.gov/pmc/articles/PMC6469687/,2/15/2020,https://edg.epa.gov/metadata/catalog/search/resource/details.page?uuid=520397B1-342A-45EA-B8F9-B05694C0A194,
17,Anthropogenic,HYD[AOI],"Cat, Ws",,ICI_IWI_v2_1,,Hydrologic regulation component score calculated using AOI metrics,index value 0-1,520397B1-342A-45EA-B8F9-B05694C0A194,Johson et al. 2019,https://www.ncbi.nlm.nih.gov/pmc/articles/PMC6469687/,2/15/2020,https://edg.epa.gov/metadata/catalog/search/resource/details.page?uuid=520397B1-342A-45EA-B8F9-B05694C0A194,
17,Anthropogenic,SED[AOI],"Cat, Ws",,ICI_IWI_v2_1,SED,Sediment regulation component score calculated using AOI metrics,Percent,520397B1-342A-45EA-B8F9-B05694C0A194,Johnson et al. 2019,https://www.ncbi.nlm.nih.gov/pmc/articles/PMC6469687/,1/1/2018,https://edg.epa.gov/metadata/catalog/search/resource/details.page?uuid=520397B1-342A-45EA-B8F9-B05694C0A194,
17,Anthropogenic,TEMP[AOI],"Cat, Ws",,ICI_IWI_v2_1,TEMP,Temperature regulation component score calculated using AOI metrics,Percent,520397B1-342A-45EA-B8F9-B05694C0A194,Johnson et al. 2019,https://www.ncbi.nlm.nih.gov/pmc/articles/PMC6469687/,1/1/2018,https://edg.epa.gov/metadata/catalog/search/resource/details.page?uuid=520397B1-342A-45EA-B8F9-B05694C0A194,"Specifc metadata not located, generic StreamCat metadata URL used."
18,Anthropogenic,ICI[AOI],Other,,ICI_IWI_v2.1,ICI,Revised Index of catchment integrity (version 2.1) based on Johnson et al. 2018 STOTEN,index value 0-1,520397B1-342A-45EA-B8F9-B05694C0A194,Johnson et al. 2019,https://www.ncbi.nlm.nih.gov/pmc/articles/PMC6469687/,2/15/2020,https://edg.epa.gov/metadata/catalog/search/resource/details.page?uuid=520397B1-342A-45EA-B8F9-B05694C0A194,
18,Anthropogenic,IWI[AOI],Other,,ICI_IWI_v2.1,IWI,Revised Index of catchment integrity (version 2.1) based on Johnson et al. 2018 STOTEN,index value 0-1,520397B1-342A-45EA-B8F9-B05694C0A194,Johnson et al. 2019,https://www.ncbi.nlm.nih.gov/pmc/articles/PMC6469687/,2/15/2020,https://edg.epa.gov/metadata/catalog/search/resource/details.page?uuid=520397B1-342A-45EA-B8F9-B05694C0A194,
18,Anthropogenic,CHEM_v2_1[AOI],"Cat, Ws",,ICI_IWI_v2_1,CCHEM,Revised index of regulation of water chemistry component score calculated using AOI metrics (version 2.1) based on Johnson et al. 2018 STOTEN,index value 0-1,520397B1-342A-45EA-B8F9-B05694C0A194,Johnson et al. 2019,https://www.ncbi.nlm.nih.gov/pmc/articles/PMC6469687/,2/15/2020,https://edg.epa.gov/metadata/catalog/search/resource/details.page?uuid=520397B1-342A-45EA-B8F9-B05694C0A194,"Specifc metadata not located, generic StreamCat metadata URL used."
28,Natural,AgKffact[AOI],"Cat, Ws",,Kffact,Ag Soil Erodibility KF Factor,"Mean soil erodibility (Kf) factor (unitless) of soils within AOI on agricultural land. The Kf factor is used in the Universal Soil Loss Equation (USLE) and represents a relative index of susceptibility of bare, cultivated soil to particle detachment and transport by rainfall.",mean surface soil erodibility factors,EBB945ED-0151-4DBF-8FE0-806165A58973,Penn State Soil Info,http://www.soilinfo.psu.edu/index.cgi?soil_data&conus&data_cov&k&methods,4/1/2016,https://edg.epa.gov/metadata/catalog/search/resource/details.page?uuid=EBB945ED-0151-4DBF-8FE0-806165A58973,
28,Natural,Kffact[AOI],"Cat, Ws",,Kffact,Mean Soil Erodibility KF Factor,"Mean soil erodibility (Kf) factor (unitless) of soils within AOI. The Kf factor is used in the Universal Soil Loss Equation (USLE) and represents a relative index of susceptibility of bare, cultivated soil to particle detachment and transport by rainfall.",index value   ,EBB945ED-0151-4DBF-8FE0-806165A58973,Penn State Soil Info,http://www.soilinfo.psu.edu/index.cgi?soil_data&conus&data_cov&k&methods,6/14/2016,https://edg.epa.gov/metadata/catalog/search/resource/details.page?uuid=EBB945ED-0151-4DBF-8FE0-806165A58973,
29,Natural,SiO2[AOI],"Cat, Ws",,GeoChemPhys1,Mean Lithological Silicon Dioxide,Mean % of lithological silicon dioxide (SiO2) content in surface or near surface geology within AOI,Percent,61F319E2-0048-4FEE-A3BF-4B1298EB93FE,USGS Sciencebase,https://www.sciencebase.gov/catalog/folder/53481333e4b06f6ce034aae7,24-Feb-14,https://edg.epa.gov/metadata/catalog/search/resource/details.page?uuid=61F319E2-0048-4FEE-A3BF-4B1298EB93FE,
29,Natural,PctAlkIntruVol[AOI],"Cat, Ws",,Lithology,Alkaline Intrusive Volcanic Rock,% of AOI area classified as lithology type: alkaline intrusive volcanic rock,Percent,33D3BE86-634D-43F8-984E-FAA8A29861FD,USGS,https://rmgsc.cr.usgs.gov/outgoing/ecosystems/USdata/,24-Feb-14,https://edg.epa.gov/metadata/catalog/search/resource/details.page?uuid=33D3BE86-634D-43F8-984E-FAA8A29861FD,
29,Natural,PctAlluvCoast[AOI],"Cat, Ws",,Lithology,Alluvium & Fine-Textured Coastal Zone,% of AOI area classified as lithology type: alluvium and fine-textured coastal zone sediment,Percent,33D3BE86-634D-43F8-984E-FAA8A29861FD,USGS,https://rmgsc.cr.usgs.gov/outgoing/ecosystems/USdata/,24-Feb-14,https://edg.epa.gov/metadata/catalog/search/resource/details.page?uuid=33D3BE86-634D-43F8-984E-FAA8A29861FD,
29,Natural,PctCarbResid[AOI],"Cat, Ws",,Lithology,Carbonate Residual Material,% of AOI area classified as lithology type: carbonate residual material,Percent,33D3BE86-634D-43F8-984E-FAA8A29861FD,USGS,https://rmgsc.cr.usgs.gov/outgoing/ecosystems/USdata/,24-Feb-14,https://edg.epa.gov/metadata/catalog/search/resource/details.page?uuid=33D3BE86-634D-43F8-984E-FAA8A29861FD,
29,Natural,PctCoastCrs[AOI],"Cat, Ws",,Lithology,"Coastal Zone Sediment, Coarse-Textured","% of AOI area classified as lithology type: coastal zone sediment, coarse-textured",Percent,33D3BE86-634D-43F8-984E-FAA8A29861FD,USGS,https://rmgsc.cr.usgs.gov/outgoing/ecosystems/USdata/,24-Feb-14,https://edg.epa.gov/metadata/catalog/search/resource/details.page?uuid=33D3BE86-634D-43F8-984E-FAA8A29861FD,
29,Natural,PctColluvSed[AOI],"Cat, Ws",,Lithology,Colluvial Sediment,% of AOI area classified as lithology type: colluvial sediment,Percent,33D3BE86-634D-43F8-984E-FAA8A29861FD,USGS,http://rmgsc.cr.usgs.gov/ecosystems/usa.shtml,24-Feb-14,https://edg.epa.gov/metadata/catalog/search/resource/details.page?uuid=33D3BE86-634D-43F8-984E-FAA8A29861FD,
29,Natural,PctEolCrs[AOI],"Cat, Ws",,Lithology,"Eolian Sediment, Coarse-Textured","% of AOI area classified as lithology type: eolian sediment, coarse-textured (sand dunes)",Percent,33D3BE86-634D-43F8-984E-FAA8A29861FD,USGS,http://rmgsc.cr.usgs.gov/ecosystems/usa.shtml,24-Feb-14,https://edg.epa.gov/metadata/catalog/search/resource/details.page?uuid=33D3BE86-634D-43F8-984E-FAA8A29861FD,
29,Natural,PctEolFine[AOI],"Cat, Ws",,Lithology,"Eolian Sediment, Fine-Textured","% of AOI area classified as lithology type: eolian sediment, fine-textured (glacial loess)",Percent,33D3BE86-634D-43F8-984E-FAA8A29861FD,USGS,http://rmgsc.cr.usgs.gov/ecosystems/usa.shtml,24-Feb-14,https://edg.epa.gov/metadata/catalog/search/resource/details.page?uuid=33D3BE86-634D-43F8-984E-FAA8A29861FD,
29,Natural,PctExtruVol[AOI],"Cat, Ws",,Lithology,Extrusive Volcanic Rock,% of AOI area classified as lithology type: extrusive volcanic rock,Percent,33D3BE86-634D-43F8-984E-FAA8A29861FD,USGS,http://rmgsc.cr.usgs.gov/ecosystems/usa.shtml,24-Feb-14,https://edg.epa.gov/metadata/catalog/search/resource/details.page?uuid=33D3BE86-634D-43F8-984E-FAA8A29861FD,
29,Natural,PctGlacLakeCrs[AOI],"Cat, Ws",,Lithology,Glacial Outwash & Glacial Lake Sediment,"% of AOI area classified as lithology type: glacial outwash and glacial lake sediment, coarse-textured",Percent,33D3BE86-634D-43F8-984E-FAA8A29861FD,USGS,http://rmgsc.cr.usgs.gov/ecosystems/usa.shtml,24-Feb-14,https://edg.epa.gov/metadata/catalog/search/resource/details.page?uuid=33D3BE86-634D-43F8-984E-FAA8A29861FD,
29,Natural,PctGlacLakeFine[AOI],"Cat, Ws",,Lithology,Glacial Outwash & Glacial Lake,"% of AOI area classified as lithology type: glacial lake sediment, fine-textured",Percent,33D3BE86-634D-43F8-984E-FAA8A29861FD,USGS,http://rmgsc.cr.usgs.gov/ecosystems/usa.shtml,24-Feb-14,https://edg.epa.gov/metadata/catalog/search/resource/details.page?uuid=33D3BE86-634D-43F8-984E-FAA8A29861FD,
29,Natural,PctGlacTilClay[AOI],"Cat, Ws",,Lithology,"Glacial Till, Clayey","% of AOI area classified as lithology type: glacial till, clayey",Percent,33D3BE86-634D-43F8-984E-FAA8A29861FD,USGS,http://rmgsc.cr.usgs.gov/ecosystems/usa.shtml,24-Feb-14,https://edg.epa.gov/metadata/catalog/search/resource/details.page?uuid=33D3BE86-634D-43F8-984E-FAA8A29861FD,
29,Natural,PctGlacTilCrs[AOI],"Cat, Ws",,Lithology,"Glacial Till, Coarse-Textured","% of AOI area classified as lithology type: glacial till, coarse-textured",Percent,33D3BE86-634D-43F8-984E-FAA8A29861FD,USGS,http://rmgsc.cr.usgs.gov/ecosystems/usa.shtml,24-Feb-14,https://edg.epa.gov/metadata/catalog/search/resource/details.page?uuid=33D3BE86-634D-43F8-984E-FAA8A29861FD,
29,Natural,PctGlacTilLoam[AOI],"Cat, Ws",,Lithology,"Glacial Till, Loamy","% of AOI area classified as lithology type: glacial till, loamy",Percent,33D3BE86-634D-43F8-984E-FAA8A29861FD,USGS,http://rmgsc.cr.usgs.gov/ecosystems/usa.shtml,24-Feb-14,https://edg.epa.gov/metadata/catalog/search/resource/details.page?uuid=33D3BE86-634D-43F8-984E-FAA8A29861FD,
29,Natural,PctHydric[AOI],"Cat, Ws",,Lithology,"Hydric, Peat & Muck","% of AOI area classified as lithology type: hydric, peat and muck",Percent,33D3BE86-634D-43F8-984E-FAA8A29861FD,USGS,http://rmgsc.cr.usgs.gov/ecosystems/usa.shtml,24-Feb-14,https://edg.epa.gov/metadata/catalog/search/resource/details.page?uuid=33D3BE86-634D-43F8-984E-FAA8A29861FD,
29,Natural,PctNonCarbResid[AOI],"Cat, Ws",,Lithology,Non-Carbonate Residual Material,% of AOI area classified as lithology type: non-carbonate residual material,Percent,33D3BE86-634D-43F8-984E-FAA8A29861FD,USGS,http://rmgsc.cr.usgs.gov/ecosystems/usa.shtml,24-Feb-14,https://edg.epa.gov/metadata/catalog/search/resource/details.page?uuid=33D3BE86-634D-43F8-984E-FAA8A29861FD,
29,Natural,PctSalLake[AOI],"Cat, Ws",,Lithology,Saline lake Sediment,% of AOI area classified as lithology type: saline like sediment,Percent,33D3BE86-634D-43F8-984E-FAA8A29861FD,USGS,http://rmgsc.cr.usgs.gov/ecosystems/usa.shtml,24-Feb-14,https://edg.epa.gov/metadata/catalog/search/resource/details.page?uuid=33D3BE86-634D-43F8-984E-FAA8A29861FD,
29,Natural,PctSilicic[AOI],"Cat, Ws",,Lithology,Silicic Residual Material,% of AOI area classified as lithology type: silicic residual material,Percent,33D3BE86-634D-43F8-984E-FAA8A29861FD,USGS,https://rmgsc.cr.usgs.gov/outgoing/ecosystems/USdata/,24-Feb-14,https://edg.epa.gov/metadata/catalog/search/resource/details.page?uuid=33D3BE86-634D-43F8-984E-FAA8A29861FD,
31,Anthropogenic,MineDens[AOI],"Cat, Ws, Rp100",,Mines,Mine Density,Density of mine sites within AOI (mines/square km),sites/square kilometer,E195B424-0A8A-4836-BE03-C48C122AF701,USGS,http://tin.er.usgs.gov/mineplant/,2/24/2014,https://edg.epa.gov/metadata/catalog/search/resource/details.page?uuid=E195B424-0A8A-4836-BE03-C48C122AF701,
33,Anthropogenic,NABD_Dens[AOI],"Cat, Ws",,NABD,NABD Dam Density,Density of georeferenced dams within AOI (dams/ square km) based on the National Anthropogenic Barrier Dataset (https://www.sciencebase.gov/catalog/item/56a7f9dce4b0b28f1184dabd),Percent,83E6ECD0-1BC3-4182-B1A1-DDFF5804E405,USGS Sciencebase,https://www.sciencebase.gov/catalog/item/512cf142e4b0855fde669828,4/16/2015,https://edg.epa.gov/metadata/catalog/search/resource/details.page?uuid=83E6ECD0-1BC3-4182-B1A1-DDFF5804E405,
33,Anthropogenic,NABD_NIDStor[AOI],"Cat, Ws",,NABD,NABD NID Reservoir Volume,Total possible volume of all reservoirs (NID_STORA in NID) per unit area of AOI (cubic meters/square km) based on the National Anthropogenic Barrier Dataset (https://www.sciencebase.gov/catalog/item/56a7f9dce4b0b28f1184dabd),dams/square kilometers,83E6ECD0-1BC3-4182-B1A1-DDFF5804E405,USGS Sciencebase,https://www.sciencebase.gov/catalog/item/512cf142e4b0855fde669828,12/6/2018,https://edg.epa.gov/metadata/catalog/search/resource/details.page?uuid=83E6ECD0-1BC3-4182-B1A1-DDFF5804E405,
33,Anthropogenic,NABD_NrmStor[AOI],"Cat, Ws",,NABD,NABD Normal Reservoir Volume,Normal (most common) volume of all reservoirs (NORM_STORA in NID) per unit area of AOI (cubic meters/square km) based on the National Anthropogenic Barrier Dataset (https://www.sciencebase.gov/catalog/item/56a7f9dce4b0b28f1184dabd),cubic meters/square kilometer,83E6ECD0-1BC3-4182-B1A1-DDFF5804E405,USGS Sciencebase,https://www.sciencebase.gov/catalog/item/512cf142e4b0855fde669828,12/6/2018,https://edg.epa.gov/metadata/catalog/search/resource/details.page?uuid=83E6ECD0-1BC3-4182-B1A1-DDFF5804E405,
34,Natural,InorgNWetDep[Year][AOI],"Cat, Ws",2008,NADP,Mean Annual Precipitation-weighted Nitrogen,"Annual gradient map of precipitation-weighted mean deposition for inorganic nitrogen wet deposition from nitrate and ammonium for 2008 in kg of N/ha/yr, within AOI.",kg of N/ha/yr,42B3C5E0-7FF9-47E4-B00B-9AAE56E42102,NADP,https://nadp.slh.wisc.edu/maps-data/ntn-gradient-maps/,3/11/2016,https://edg.epa.gov/metadata/catalog/search/resource/details.page?uuid=42B3C5E0-7FF9-47E4-B00B-9AAE56E42102,
34,Natural,NH4[Year][AOI],"Cat, Ws",2008,NADP,Mean Annual Precipitation-Weighted NH4,"Annual gradient map of precipitation-weighted mean deposition for ammonium ion concentration wet deposition for 2008 in kg of NH4/ha/yr, within AOI.",cubic meters/square kilometer,42B3C5E0-7FF9-47E4-B00B-9AAE56E42102,NADP,https://nadp.slh.wisc.edu/maps-data/ntn-gradient-maps/,3/11/2016,https://edg.epa.gov/metadata/catalog/search/resource/details.page?uuid=42B3C5E0-7FF9-47E4-B00B-9AAE56E42102,
34,Natural,NO3[Year][AOI],"Cat, Ws",2008,NADP,Mean Annual Precipitation-Weighted NO3,"Annual gradient map of precipitation-weighted mean deposition for nitrate ion concentration wet deposition for 2008 in kg of NO3/ha/yr, within AOI.",kg of NO3/ha/yr,42B3C5E0-7FF9-47E4-B00B-9AAE56E42102,NADP,https://nadp.slh.wisc.edu/maps-data/ntn-gradient-maps/,3/11/2016,https://edg.epa.gov/metadata/catalog/search/resource/details.page?uuid=42B3C5E0-7FF9-47E4-B00B-9AAE56E42102,
34,Natural,SN[Year][AOI],"Cat, Ws",2008,NADP,Annual Mean Sulfur and Nitrogen Wet Deposition,"Annual gradient map of precipitation-weighted mean deposition for average sulfur & nitrogen wet deposition for 2008 in kg of S+N/ha/yr, within AOI.",Percent,42B3C5E0-7FF9-47E4-B00B-9AAE56E42102,NADP,https://nadp.slh.wisc.edu/maps-data/ntn-gradient-maps/,3/11/2016,https://edg.epa.gov/metadata/catalog/search/resource/details.page?uuid=42B3C5E0-7FF9-47E4-B00B-9AAE56E42102,
36,Natural,PctWater[AOI],"Cat, Ws",,Lithology,Water,% of AOI area classified as lithology type: water,Percent,33D3BE86-634D-43F8-984E-FAA8A29861FD,USGS,http://rmgsc.cr.usgs.gov/ecosystems/usa.shtml,6/4/2021,https://edg.epa.gov/metadata/catalog/search/resource/details.page?uuid=33D3BE86-634D-43F8-984E-FAA8A29861FD,
36,Natural,PctBl[Year][AOI],"Cat, Ws, CatRp100, WsRp100","2001, 2004, 2006, 2008, 2011, 2013, 2016, 2019",NLCD,Bedrock and Similar Earthen Material,Percent of AOI classified as barren land cover (NLCD class 31),Percent,E6436B49-3888-476D-8F2E-9415FBCCF850,NLCD,https://www.mrlc.gov/data,6/4/2021,https://edg.epa.gov/metadata/catalog/search/resource/details.page?uuid=E6436B49-3888-476D-8F2E-9415FBCCF850,
36,Natural,PctConif[Year][AOI],"Cat, Ws, CatRp100, WsRp100","2001, 2004, 2006, 2008, 2011, 2013, 2016, 2019",NLCD,Evergreeen Forest Percentage,Percent of AOI classified as evergreen forest land cover (NLCD class 42),Percent,E6436B49-3888-476D-8F2E-9415FBCCF850,NLCD,https://www.mrlc.gov/data,6/4/2021,https://edg.epa.gov/metadata/catalog/search/resource/details.page?uuid=E6436B49-3888-476D-8F2E-9415FBCCF850,
36,Anthropogenic,PctCrop[Year][AOI],"Cat, Ws, CatRp100, WsRp100","2001, 2004, 2006, 2008, 2011, 2013, 2016, 2019",NLCD,Row Crop Percentage ,Percent of AOI area classified as crop land use (NLCD class 82),Percent,E6436B49-3888-476D-8F2E-9415FBCCF850,NLCD,https://www.mrlc.gov/data,6/4/2021,https://edg.epa.gov/metadata/catalog/search/resource/details.page?uuid=E6436B49-3888-476D-8F2E-9415FBCCF850,
36,Natural,PctDecid[Year][AOI],"Cat, Ws, CatRp100, WsRp100","2001, 2004, 2006, 2008, 2011, 2013, 2016, 2019",NLCD,Deciduous Forest Percentage,Percent of AOI area classified as deciduous forest land cover (NLCD class 41),Percent,E6436B49-3888-476D-8F2E-9415FBCCF850,NLCD,https://www.mrlc.gov/data,6/4/2021,https://edg.epa.gov/metadata/catalog/search/resource/details.page?uuid=E6436B49-3888-476D-8F2E-9415FBCCF850,
36,Natural,PctGrs[Year][AOI],"Cat, Ws, CatRp100, WsRp100","2001, 2004, 2006, 2008, 2011, 2013, 2016, 2019",NLCD,Grassland/Herbaceous Percentage,Percent of AOI classified as grassland/herbaceous land cover (NLCD class 71),Percent,E6436B49-3888-476D-8F2E-9415FBCCF850,NLCD,https://www.mrlc.gov/data,6/4/2021,https://edg.epa.gov/metadata/catalog/search/resource/details.page?uuid=E6436B49-3888-476D-8F2E-9415FBCCF850,"Specifc metadata not located, generic StreamCat metadata URL used."
36,Anthropogenic,PctHay[Year][AOI],"Cat, Ws, CatRp100, WsRp100","2001, 2004, 2006, 2008, 2011, 2013, 2016, 2019",NLCD,Pasture/Hay Percentage,Percent of AOI classified as hay land use (NLCD class 81),Percent,E6436B49-3888-476D-8F2E-9415FBCCF850,NLCD,https://www.mrlc.gov/data,6/4/2021,https://edg.epa.gov/metadata/catalog/search/resource/details.page?uuid=E6436B49-3888-476D-8F2E-9415FBCCF850,
36,Natural,PctHbWet[Year][AOI],"Cat, Ws, CatRp100, WsRp100","2001, 2004, 2006, 2008, 2011, 2013, 2016, 2019",NLCD,Herbaceous Wetland Percentage,Percent of AOI classified as herbaceous wetland land cover (NLCD class 95),Percent,E6436B49-3888-476D-8F2E-9415FBCCF850,NLCD,https://www.mrlc.gov/data,6/4/2021,https://edg.epa.gov/metadata/catalog/search/resource/details.page?uuid=E6436B49-3888-476D-8F2E-9415FBCCF850,"Specifc metadata not located, generic StreamCat metadata URL used."
36,Natural,PctIce[Year][AOI],"Cat, Ws, CatRp100, WsRp100","2001, 2004, 2006, 2008, 2011, 2013, 2016, 2019",NLCD,Ice/Snow Cover Percentage,Percent of AOI classified as ice/snow land cover (NLCD class 12),Percent,E6436B49-3888-476D-8F2E-9415FBCCF850,NLCD,https://www.mrlc.gov/data,6/4/2021,https://edg.epa.gov/metadata/catalog/search/resource/details.page?uuid=E6436B49-3888-476D-8F2E-9415FBCCF850,
36,Natural,PctMxFst[Year][AOI],"Cat, Ws, CatRp100, WsRp100","2001, 2004, 2006, 2008, 2011, 2013, 2016, 2019",NLCD,Mixed Deciduous/Evergreen Forest,Percent of AOI classified as mixed deciduous/evergreen forest land cover (NLCD class 43),Percent,E6436B49-3888-476D-8F2E-9415FBCCF850,NLCD,https://www.mrlc.gov/data,6/4/2021,https://edg.epa.gov/metadata/catalog/search/resource/details.page?uuid=E6436B49-3888-476D-8F2E-9415FBCCF850,
36,Natural,PctOw[Year][AOI],"Cat, Ws, CatRp100, WsRp100","2001, 2004, 2006, 2008, 2011, 2013, 2016, 2019",NLCD,Open Water Percentage,Percent of AOI classified as open water land cover (NLCD class 11),Percent,E6436B49-3888-476D-8F2E-9415FBCCF850,NLCD,https://www.mrlc.gov/data,6/4/2021,https://edg.epa.gov/metadata/catalog/search/resource/details.page?uuid=E6436B49-3888-476D-8F2E-9415FBCCF850,
36,Natural,PctShrb[Year][AOI],"Cat, Ws, CatRp100, WsRp100","2001, 2004, 2006, 2008, 2011, 2013, 2016, 2019",NLCD,Shrub/Scrub Percentage 2001,Percent of AOI classified as shrub/scrub land cover (NLCD class 52),Percent,E6436B49-3888-476D-8F2E-9415FBCCF850,NLCD,https://www.mrlc.gov/data,6/4/2021,https://edg.epa.gov/metadata/catalog/search/resource/details.page?uuid=E6436B49-3888-476D-8F2E-9415FBCCF850,"Specifc metadata not located, generic StreamCat metadata URL used."
36,Anthropogenic,PctUrbHi[Year][AOI],"Cat, Ws, CatRp100, WsRp100","2001, 2004, 2006, 2008, 2011, 2013, 2016, 2019",NLCD,"Developed, High Intensity Land Use","% of AOI area classified as developed, high-intensity land use (NLCD class 24).",Percent,E6436B49-3888-476D-8F2E-9415FBCCF850,NLCD,https://www.mrlc.gov/data,6/4/2021,https://edg.epa.gov/metadata/catalog/search/resource/details.page?uuid=E6436B49-3888-476D-8F2E-9415FBCCF850,"Specifc metadata not located, generic StreamCat metadata URL used."
36,Anthropogenic,PctUrbLo[Year][AOI],"Cat, Ws, CatRp100, WsRp100","2001, 2004, 2006, 2008, 2011, 2013, 2016, 2019",NLCD,"Developed, Low Intensity Land Use","Percent of AOI classified as developed, low-intensity land use (NLCD class 22)",Percent,E6436B49-3888-476D-8F2E-9415FBCCF850,NLCD,https://www.mrlc.gov/data,6/4/2021,https://edg.epa.gov/metadata/catalog/search/resource/details.page?uuid=E6436B49-3888-476D-8F2E-9415FBCCF850,"Specifc metadata not located, generic StreamCat metadata URL used."
36,Anthropogenic,PctUrbMd[Year][AOI],"Cat, Ws, CatRp100, WsRp100","2001, 2004, 2006, 2008, 2011, 2013, 2016, 2019",NLCD,"Developed, Medium Intensity Land Use","Percent of AOI classified as developed, medium-intensity land use (NLCD class 23)",Percent,E6436B49-3888-476D-8F2E-9415FBCCF850,NLCD,https://www.mrlc.gov/data,6/4/2021,https://edg.epa.gov/metadata/catalog/search/resource/details.page?uuid=E6436B49-3888-476D-8F2E-9415FBCCF850,"Specifc metadata not located, generic StreamCat metadata URL used."
36,Anthropogenic,PctUrbOp[Year][AOI],"Cat, Ws, CatRp100, WsRp100","2001, 2004, 2006, 2008, 2011, 2013, 2016, 2019",NLCD,"Developed, Open Space Land Use Percentage","Percent of AOI classified as developed, open space land use (NLCD class 21)",Percent,E6436B49-3888-476D-8F2E-9415FBCCF850,NLCD,https://www.mrlc.gov/data,6/4/2021,https://edg.epa.gov/metadata/catalog/search/resource/details.page?uuid=E6436B49-3888-476D-8F2E-9415FBCCF850,"Specifc metadata not located, generic StreamCat metadata URL used."
36,Natural,PctWdWet[Year][AOI],"Cat, Ws, CatRp100, WsRp100","2001, 2004, 2006, 2008, 2011, 2013, 2016, 2019",NLCD,Woody Wetland Percentage 2001,Percent of AOI classified as woody wetland land cover (NLCD class 90),Percent,E6436B49-3888-476D-8F2E-9415FBCCF850,NLCD,https://www.mrlc.gov/data,6/4/2021,https://edg.epa.gov/metadata/catalog/search/resource/details.page?uuid=E6436B49-3888-476D-8F2E-9415FBCCF850,"Specifc metadata not located, generic StreamCat metadata URL used."
42,Natural,PctNonAgIntrodManagVeg[AOI],"Cat, Ws, CatRp100, WsRp100",,NonAgIntrodManagVeg,Nonnative Vegetation Landcover,"% Nonagriculture nonnative introduced or managed vegetation landcover type reclassed from LANDFIRE Existing Vegetation Type (EVT), within AOI",Percent,B3B702B9-1A95-4C4D-B296-1365FAA7E8FE,Landfire,https://www.landfire.gov/vegetation.php,1/1/2015,https://edg.epa.gov/metadata/catalog/search/resource/details.page?uuid=B3B702B9-1A95-4C4D-B296-1365FAA7E8FE,
43,Natural,prG_BMMI0809,Other,,NRSA_PredictedBioCondition,NRSA BMMI Good Biological Condition,Predicted probability that a stream segment is in good biologial condition based on a random forest model of the NRSA benthic invertebrate multimetric index (BMMI),Percent,347BAA74-DA58-4F3D-BD51-7A424CAA8EBD,Hill et al. 2017,https://www.ncbi.nlm.nih.gov/pmc/articles/PMC5796808/,9/4/2017,https://edg.epa.gov/metadata/catalog/search/resource/details.page?uuid=347BAA74-DA58-4F3D-BD51-7A424CAA8EBD,"Specifc metadata not located, generic StreamCat metadata URL used."
45,Anthropogenic,Pestic97[AOI],"Cat, Ws",1997,Pesticides97,Mean Pesticide Use,Mean pesticide use (kg/km2) in yr. 1997 within AOI.,Percent,FF4DC154-0BEE-4818-8417-331705B40A12,USGS Water Mission Area,http://water.usgs.gov/GIS/metadata/usgswrd/XML/agpest97grd.xml,9/19/2013,https://edg.epa.gov/metadata/catalog/search/resource/details.page?uuid=FF4DC154-0BEE-4818-8417-331705B40A12,"Specifc metadata not located, generic StreamCat metadata URL used."
46,Natural,Precip[Year][AOI],"Cat, Ws","2008, 2009",PRISM_0809,Mean Precipitation,PRISM climate data - Mean precipitation (mm) within the AOI. Period: 2008 & 2009,millimeters,CE7978C6-6F61-4643-9BAB-695FA4478364,PRISM,http://prism.oregonstate.edu,6/8/2015,https://edg.epa.gov/metadata/catalog/search/resource/details.page?uuid=CE7978C6-6F61-4643-9BAB-695FA4478364,
46,Natural,Tmean[Year][AOI],"Cat, Ws","2008, 2009",PRISM_0809,Mean Air Temperature,PRISM climate data - Mean temperature (°C) within the AOI. Period: 2008 & 2009,kilogram/square kilometer,CE7978C6-6F61-4643-9BAB-695FA4478364,PRISM,http://prism.oregonstate.edu,6/8/2015,https://edg.epa.gov/metadata/catalog/search/resource/details.page?uuid=CE7978C6-6F61-4643-9BAB-695FA4478364,"Specifc metadata not located, generic StreamCat metadata URL used."
47,Natural,Precip8110[AOI],"Cat, Ws",,PRISM_1981_2010,30-year Mean Annual Precipitation,PRISM climate data - 30-year normal mean precipitation (mm): Annual period: 1981-2010 within AOI,millimeters,CE7978C6-6F61-4643-9BAB-695FA4478364,PRISM,http://prism.oregonstate.edu,6/8/2015,https://edg.epa.gov/metadata/catalog/search/resource/details.page?uuid=CE7978C6-6F61-4643-9BAB-695FA4478364,"Specifc metadata not located, generic StreamCat metadata URL used."
47,Natural,Tmax8110[AOI],"Cat, Ws",,PRISM_1981_2010,30-year Average Annual Normal Maximum Air Temperature,PRISM climate data - 30-year normal maximum temperature (°C): Annual period: 1981-2010 within AOI,Celsius,CE7978C6-6F61-4643-9BAB-695FA4478364,PRISM,http://prism.oregonstate.edu,6/8/2015,https://edg.epa.gov/metadata/catalog/search/resource/details.page?uuid=CE7978C6-6F61-4643-9BAB-695FA4478364,
47,Natural,Tmean8110[AOI],"Cat, Ws",,PRISM_1981_2010,30-year Mean Annual Air Temperature,PRISM climate data - 30-year normal mean temperature (°C): Annual period: 1981-2010 within the AOI,Celsius,CE7978C6-6F61-4643-9BAB-695FA4478364,PRISM,http://prism.oregonstate.edu,6/8/2015,https://edg.epa.gov/metadata/catalog/search/resource/details.page?uuid=CE7978C6-6F61-4643-9BAB-695FA4478364,"Specifc metadata not located, generic StreamCat metadata URL used."
47,Natural,Tmin8110[AOI],"Cat, Ws",,PRISM_1981_2010,30-year Average Annual Normal Minimum Air Temperature,PRISM climate data - 30-year normal minimum temperature (°C): Annual period: 1981-2010 within AOI,Celsius,CE7978C6-6F61-4643-9BAB-695FA4478364,PRISM,http://prism.oregonstate.edu,6/8/2015,https://edg.epa.gov/metadata/catalog/search/resource/details.page?uuid=CE7978C6-6F61-4643-9BAB-695FA4478364,"Specifc metadata not located, generic StreamCat metadata URL used."
126,Natural,Precip9120[AOI],"Cat, Ws",,PRISM_1991_2020,30-year Mean Annual Precipitation,PRISM climate data - 30-year normal mean precipitation (mm): Annual period: 1991-2020 within AOI,millimeters,CE7978C6-6F61-4643-9BAB-695FA4478364,PRISM,http://prism.oregonstate.edu,9/25/2023,https://edg.epa.gov/metadata/catalog/search/resource/details.page?uuid=CE7978C6-6F61-4643-9BAB-695FA4478364,
126,Natural,Tmax9120[AOI],"Cat, Ws",,PRISM_1991_2020,30-year Average Annual Normal Maximum Air Temperature,PRISM climate data - 30-year normal maximum temperature (°C): Annual period: 1991-2020 within AOI,Celsius,CE7978C6-6F61-4643-9BAB-695FA4478364,PRISM,http://prism.oregonstate.edu,9/25/2023,https://edg.epa.gov/metadata/catalog/search/resource/details.page?uuid=CE7978C6-6F61-4643-9BAB-695FA4478364,
126,Natural,Tmean9120[AOI],"Cat, Ws",,PRISM_1991_2020,30-year Mean Annual Air Temperature,PRISM climate data - 30-year normal mean temperature (°C): Annual period: 1991-2020 within the AOI,Celsius,CE7978C6-6F61-4643-9BAB-695FA4478364,PRISM,http://prism.oregonstate.edu,9/25/2023,https://edg.epa.gov/metadata/catalog/search/resource/details.page?uuid=CE7978C6-6F61-4643-9BAB-695FA4478364,
126,Natural,Tmin9120[AOI],"Cat, Ws",,PRISM_1991_2020,30-year Average Annual Normal Minimum Air Temperature,PRISM climate data - 30-year normal minimum temperature (°C): Annual period: 1991-2020 within AOI,Celsius,CE7978C6-6F61-4643-9BAB-695FA4478364,PRISM,http://prism.oregonstate.edu,9/25/2023,https://edg.epa.gov/metadata/catalog/search/resource/details.page?uuid=CE7978C6-6F61-4643-9BAB-695FA4478364,
49,Natural,MAST[Year],Other,"2008, 2009, 2013, 2014",RefStreamTempPred,Mean Annual Stream Temp,"Predicted mean annual stream temperature (Jan-Dec) for year 2008, 2009, 2013, 2014",Celsius,B93A5967-949A-4075-AA3D-EA60105D2E86,Hill et al. 2013,https://www.jstor.org/stable/10.1086/fresscie.32.issue-1,10/12/2015,https://edg.epa.gov/metadata/catalog/search/resource/details.page?uuid=B93A5967-949A-4075-AA3D-EA60105D2E86,
49,Natural,MSST[Year],Other,"2008, 2009, 2013, 2014",RefStreamTempPred,Mean Summer Stream Temp,"Predicted mean summer stream temperature (July-Aug) for years 2008, 2009, 2013, 2014",Celsius,B93A5967-949A-4075-AA3D-EA60105D2E86,Hill et al. 2013,https://www.jstor.org/stable/10.1086/fresscie.32.issue-1,10/12/2015,https://edg.epa.gov/metadata/catalog/search/resource/details.page?uuid=B93A5967-949A-4075-AA3D-EA60105D2E86,
49,Natural,MWST[Year],Other,"2008, 2009, 2013, 2014",RefStreamTempPred,Mean Winter Stream Temp,"Predicted mean winter stream temperature (Jan-Feb) for year 2008, 2009, 2013, 2014",Percent,B93A5967-949A-4075-AA3D-EA60105D2E86,Hill et al. 2013,https://www.jstor.org/stable/10.1086/fresscie.32.issue-1,10/12/2015,https://edg.epa.gov/metadata/catalog/search/resource/details.page?uuid=B93A5967-949A-4075-AA3D-EA60105D2E86,
51,Anthropogenic,RdDens[Year][AOI],"Cat, Ws, CatRp100, WsRp100",2010,RoadDensity,Mean Road Density,Density of roads (2010 Census Tiger Lines) within AOI (km/square km),Percent,20AC52F2-251B-49F7-8328-2FC8EA6FE18B,US Census,ftp://ftp2.census.gov/geo/pvs/tiger2010st/,3/6/2014,https://edg.epa.gov/metadata/catalog/search/resource/details.page?uuid=20AC52F2-251B-49F7-8328-2FC8EA6FE18B,
52,Anthropogenic,RdCrs[AOI],"Cat, Ws",,RoadStreamCrossings,Road and Stream Intersection Density,Density of roads-stream intersections (2010 Census Tiger Lines-NHD stream lines) within AOI (crossings/square km),Percent,FBBEB21F-62C9-4ECA-BE95-EC3F387CE584,Carlisle et al. 2019,https://link.springer.com/article/10.1007/s10661-008-0256-z,1/27/2014,https://edg.epa.gov/metadata/catalog/search/resource/details.page?uuid=FBBEB21F-62C9-4ECA-BE95-EC3F387CE584,
52,Anthropogenic,RdCrsSlpWtd[AOI],"Cat, Ws",,RoadStreamCrossings,Road and Stream Intersection x NHD Slope,Density of roads-stream intersections (2010 Census Tiger Lines-NHD stream lines) multiplied by NHDPlusV21 slope within AOI (crossings*slope/square km),Percent,FBBEB21F-62C9-4ECA-BE95-EC3F387CE584,Carlisle et al. 2019,https://link.springer.com/article/10.1007/s10661-008-0256-z,1/27/2014,https://edg.epa.gov/metadata/catalog/search/resource/details.page?uuid=FBBEB21F-62C9-4ECA-BE95-EC3F387CE584,
54,Natural,Runoff[AOI],"Cat, Ws",,Runoff,Mean Runoff,Mean runoff (mm) within AOI,Percent,01927611-2FD4-4AA1-9C11-3FFC24415867,McCabe GJ & Wolock DM (2011),https://agupubs.onlinelibrary.wiley.com/doi/full/10.1029/2011WR010630,9/19/2013,https://edg.epa.gov/metadata/catalog/search/resource/details.page?uuid=01927611-2FD4-4AA1-9C11-3FFC24415867,
55,Natural,Clay[AOI],"Cat, Ws",,STATSGO_Set1,Clay Mean,Mean % clay content of soils (STATSGO) within AOI.,Percent,EBB945ED-0151-4DBF-8FE0-806165A58973,Carlisle et al. 2009,https://link.springer.com/article/10.1007/s10661-008-0256-z,1/15/2016,0,"Specifc metadata not located, generic StreamCat metadata URL used."
55,Natural,Sand[AOI],"Cat, Ws",,STATSGO_Set1,Mean Sand Content,Mean % sand content of soils (STATSGO) within AOI.,Percent,EBB945ED-0151-4DBF-8FE0-806165A58973,Carlisle et al. 2009,https://link.springer.com/article/10.1007/s10661-008-0256-z,1/6/2014,0,
56,Natural,Om[AOI],"Cat, Ws",,STATSGO_Set2,Organic Matter Mean,Mean organic matter content (% by weight) of soils (STATSGO) within AOI.,Percent,EBB945ED-0151-4DBF-8FE0-806165A58973,Carlisle et al. 2009,https://link.springer.com/article/10.1007/s10661-008-0256-z,1/6/2014,0,
56,Natural,RckDep[AOI],"Cat, Ws",,STATSGO_Set2,Mean Bedrock Depth,Mean depth (cm) to bedrock of soils (STATSGO) within AOI.,Percent,EBB945ED-0151-4DBF-8FE0-806165A58973,Carlisle et al. 2009,https://link.springer.com/article/10.1007/s10661-008-0256-z,1/6/2014,0,"Specifc metadata not located, generic StreamCat metadata URL used."
56,Natural,WtDep[AOI],"Cat, Ws",,STATSGO_Set2,Mean Water Table Depth,Mean seasonal water table depth (cm) of soils (STATSGO) within AOI.,crossings/square kilometer,EBB945ED-0151-4DBF-8FE0-806165A58973,Carlisle et al. 2009,https://link.springer.com/article/10.1007/s10661-008-0256-z,1/6/2014,0,
59,Anthropogenic,HUDen[Year][AOI],"Cat, Ws, Rp100",2010,USCensus2010,Housing Density Mean,Mean housing unit density (housing units/square km) within AOI.,housing units/square kilometer,DF3DB5FE-C99A-4DA4-8339-8698B5D7D801,US Census,https://www.census.gov/programs-surveys/popest/data/data-sets.html,12/7/2015,https://edg.epa.gov/metadata/catalog/search/resource/details.page?uuid=DF3DB5FE-C99A-4DA4-8339-8698B5D7D801,
59,Anthropogenic,PopDen[Year][AOI],"Cat, Ws, CatRp100, WsRp100",2010,USCensus2010,Mean Population Density,Population density within AOI.,Percent,DF3DB5FE-C99A-4DA4-8339-8698B5D7D801,US Census,https://www.census.gov/programs-surveys/popest/data/data-sets.html,2/14/2014,https://edg.epa.gov/metadata/catalog/search/resource/details.page?uuid=DF3DB5FE-C99A-4DA4-8339-8698B5D7D801,"Specifc metadata not located, generic StreamCat metadata URL used."
60,Natural,PctImp[Year][AOI],"Cat, Ws, CatRp100, WsRp100","2001, 2004, 2006, 2008, 2011, 2013, 2016, 2019",ImperviousSurfaces,Mean Imperviousness,Mean imperviousness of anthropogenic surfaces (NLCD) within AOI.,Percent,B68DABF6-7883-41B0-A6B2-8AFB5BB230F3,NLCD,https://www.mrlc.gov/data,6/4/2021,https://edg.epa.gov/metadata/catalog/search/resource/details.page?uuid=B68DABF6-7883-41B0-A6B2-8AFB5BB230F3 ,
61,Natural,RockN[AOI],"Cat, Ws",,RockN,Nitrogen From Rock Weathering,N from rock weathering (kg/ km2) within AOI,Percent,2475fce5-6deb-4121-8216-30872e63ca41,Pennino et al. 2020,https://www.sciencedirect.com/science/article/pii/S0048969720311724,1/2/2022,https://edg.epa.gov/metadata/catalog/search/resource/details.page?uuid=2475fce5-6deb-4121-8216-30872e63ca41,
65,Natural,MTBS[Year][AOI],"Cat, Ws",,MTBS,Wildfire Burn Percent 1984-2018,Mean % of AOI burned from wildfires for each year for 1984-2018,Percent,4c505425-5e38-48dd-9064-b19baeafef9f,MTBS,https://www.mtbs.gov/,3/22/2021,https://edg.epa.gov/metadata/catalog/search/resource/details.page?uuid=4c505425-5e38-48dd-9064-b19baeafef9f,
69,Anthropogenic,Septic[AOI],"Cat, Ws",,Septic,Septic System Density,Density of septic systems per AOI - based on 1990 Census,kilogram/hectare/year,decccf96-783c-4e0e-962c-27da23c0289b,Pennino et al. 2020,https://www.sciencedirect.com/science/article/pii/S0048969720311724,1/2/2022,https://edg.epa.gov/metadata/catalog/search/resource/details.page?uuid=decccf96-783c-4e0e-962c-27da23c0289b,
71,Anthropogenic,sw_flux[AOI],"Cat, Ws",,sw_flux,Surface Water Nitrogen Flux,Estimated surface water TN flux (kg N / km2) within AOI,sites/square kilometer,956964c5-b117-49b7-b469-35b90d95574a,Pennino et al. 2020,https://www.sciencedirect.com/science/article/pii/S0048969720311724,1/2/2022,https://edg.epa.gov/metadata/catalog/search/resource/details.page?uuid=956964c5-b117-49b7-b469-35b90d95574a,
73,Anthropogenic,wdrw_LD[AOI],"Cat, Ws",,wdrw_LD,Agricultural Fresh Surface-Water Withdraw,Total fresh surface-water withdrawals in agricultural land per AOI area (L/day),kg/km2,c6c7743b-7ed4-4e40-b023-a576fba18e9d,Pennino et al. 2020,https://www.sciencedirect.com/science/article/pii/S0048969720311724,1/1/2022,https://edg.epa.gov/metadata/catalog/search/resource/details.page?uuid=c6c7743b-7ed4-4e40-b023-a576fba18e9d,
74,Natural,WetIndex[AOI],"Cat, Ws",,WetIndex,Wetness Index,Mean Composite Topographic Index (CTI) [Wetness Index] within AOI,Unitless,FAACFBF4-4C14-42A3-8D3C-7C9E5546BDF0,EnviroAtlas,https://enviroatlas.epa.gov/enviroatlas/DataFactSheets/pdf/Supplemental/PotentialWetlandArea.pdf,10/1/2018,https://edg.epa.gov/metadata/catalog/search/resource/details.page?uuid=FAACFBF4-4C14-42A3-8D3C-7C9E5546BDF0,"Specifc metadata not located, generic StreamCat metadata URL used."
75,Natural,Precip_Minus_EVT[AOI],"Cat, Ws",,Precip_Minus_EVT,Surplus Precipitation,"This dataset represents surplus precipitation (mm): precipitation minus potential evaporation described in DOI: 10.1016/j.scitotenv.2020.137661 within individual,  local NHDPlusV2 catchments and upstream, contributing watersheds.",kilometer/square kilometer,348ecacb-d9ba-491d-bcc4-3518540488f7,Pennino et al. 2020,https://www.sciencedirect.com/science/article/pii/S0048969720311724,1/1/2022,https://edg.epa.gov/metadata/catalog/search/resource/details.page?uuid=348ecacb-d9ba-491d-bcc4-3518540488f7,
76,Natural,PctNoFire[Year][AOI],"Cat, Ws",1984-2018,MTBS_Severity,Percent No Fire Burn Class Class For Year,% of AOI in each burn severity class for wildfires for each year for 1984-2018,Percent,c92338f3-6d37-4425-9fde-e24780759ebe,MTBS,https://www.mtbs.gov/,3/22/2021,https://edg.epa.gov/metadata/catalog/search/resource/details.page?uuid=c92338f3-6d37-4425-9fde-e24780759ebe,
76,Natural,PctUndSev[Year][AOI],"Cat, Ws",1984-2018,MTBS_Severity,Percent Underburned to Low Burn Severity Class For Year,% of AOI in each burn severity class for wildfires for each year for 1984-2018,Percent,c92338f3-6d37-4425-9fde-e24780759ebe,MTBS,https://www.mtbs.gov/,3/22/2021,https://edg.epa.gov/metadata/catalog/search/resource/details.page?uuid=c92338f3-6d37-4425-9fde-e24780759ebe,
76,Natural,PctLowSev[Year][AOI],"Cat, Ws",1984-2018,MTBS_Severity,Percent Low Burn Severity Class For Year,% of AOI in each burn severity class for wildfires for each year for 1984-2018,Percent,c92338f3-6d37-4425-9fde-e24780759ebe,MTBS,https://www.mtbs.gov/,3/22/2021,https://edg.epa.gov/metadata/catalog/search/resource/details.page?uuid=c92338f3-6d37-4425-9fde-e24780759ebe,
76,Natural,PctModSev[Year][AOI],"Cat, Ws",1984-2018,MTBS_Severity,Percent Moderate Burn Severity Class For Year,% of AOI in each burn severity class for wildfires for each year for 1984-2018,Percent,c92338f3-6d37-4425-9fde-e24780759ebe,MTBS,https://www.mtbs.gov/,3/22/2021,https://edg.epa.gov/metadata/catalog/search/resource/details.page?uuid=c92338f3-6d37-4425-9fde-e24780759ebe,
76,Natural,PctHighSev[Year][AOI],"Cat, Ws",1984-2018,MTBS_Severity,Percent High Burn Severity Class For Year,% of AOI in each burn severity class for wildfires for each year for 1984-2018,Percent,c92338f3-6d37-4425-9fde-e24780759ebe,MTBS,https://www.mtbs.gov/,3/22/2021,https://edg.epa.gov/metadata/catalog/search/resource/details.page?uuid=c92338f3-6d37-4425-9fde-e24780759ebe,
76,Natural,PctIncVegResp[Year][AOI],"Cat, Ws",1984-2018,MTBS_Severity,Percent Increased Greenness and Veg Response Class For Year,% of AOI in each burn severity class for wildfires for each year for 1984-2018,Percent,c92338f3-6d37-4425-9fde-e24780759ebe,MTBS,https://www.mtbs.gov/,3/22/2021,https://edg.epa.gov/metadata/catalog/search/resource/details.page?uuid=c92338f3-6d37-4425-9fde-e24780759ebe,
76,Natural,PctNonProcMask[Year][AOI],"Cat, Ws",1984-2018,MTBS_Severity,Percent Non Processing Mask Class For Year,% of AOI in each burn severity class for wildfires for each year for 1984-2018,Percent,c92338f3-6d37-4425-9fde-e24780759ebe,MTBS,https://www.mtbs.gov/,3/22/2021,https://edg.epa.gov/metadata/catalog/search/resource/details.page?uuid=c92338f3-6d37-4425-9fde-e24780759ebe,
115,Anthropogenic,PctAgSlp10[Year][AOI],"Cat, Ws","2001, 2004, 2006, 2008, 2011, 2013, 2016, 2019",AgMidHiSlopes,PctAgSlp10,Percent of AOI classified as ag land cover (NLCD classes 81-82) occurring on slopes greater than or equal to 10%,Percent,E6436B49-3888-476D-8F2E-9415FBCCF850,NLCD,https://www.mrlc.gov/data,12/14/2021,https://edg.epa.gov/metadata/catalog/search/resource/details.page?uuid=E6436B49-3888-476D-8F2E-9415FBCCF850,
115,Anthropogenic,PctAgSlp20[Year][AOI],"Cat, Ws","2001, 2004, 2006, 2008, 2011, 2013, 2016, 2019",AgMidHiSlopes,PctAgSlp20,Percent of AOI classified as ag land cover (NLCD classes 81-82) occurring on slopes greater than or equal to 20%,Percent,E6436B49-3888-476D-8F2E-9415FBCCF850,NLCD,https://www.mrlc.gov/data,12/14/2021,https://edg.epa.gov/metadata/catalog/search/resource/details.page?uuid=E6436B49-3888-476D-8F2E-9415FBCCF850,
116,Anthropogenic,WaterInput[AOI],"Cat, Ws",,WaterInput,Water Input,Water Input (km2/cm): Ratio of the total area of irrigated land to precipitation within AOI,Percent,478be3b3-3c4e-4028-94a3-5a26e9c922a8,Pennino et al. 2020,https://www.sciencedirect.com/science/article/pii/S0048969720311724,1/2/2022,https://edg.epa.gov/metadata/catalog/search/resource/details.page?uuid=478be3b3-3c4e-4028-94a3-5a26e9c922a8,
117,Anthropogenic,PctNo_AgDrainage[AOI],"Cat, Ws",,AgDrain,Agricultural Drainage,"This dataset represents % of land with agricultural drainage, described in DOI: 10.1016/j.scitotenv.2020.137661,  within individual, local NHDPlusV2 catchments and upstream, contributing watersheds.",Percent,1aae5df2-b9e9-4dd1-996a-c2b08e75d806,Pennino et al. 2020,https://www.sciencedirect.com/science/article/pii/S0048969720311724,1/2/2022,https://edg.epa.gov/metadata/catalog/search/resource/details.page?uuid=1aae5df2-b9e9-4dd1-996a-c2b08e75d806,
117,Anthropogenic,Pct_AgDrainage[AOI],"Cat, Ws",,AgDrain,Non Agricultural Drainage,"This dataset represents % of land without agricultural drainage, described in DOI: 10.1016/j.scitotenv.2020.137661,  within individual, local NHDPlusV2 catchments and upstream, contributing watersheds.",,1aae5df2-b9e9-4dd1-996a-c2b08e75d806,Pennino et al. 2020,https://www.sciencedirect.com/science/article/pii/S0048969720311724,1/2/2022,https://edg.epa.gov/metadata/catalog/search/resource/details.page?uuid=1aae5df2-b9e9-4dd1-996a-c2b08e75d806,
118,Anthropogenic,NANI,"Cat, Ws",,Nsurp_NANI,Anthropogenic Nitrogen,Net Anthropogenic Nitrogen within AOI: farm fertilizer + urban fertilizer + NOx deposition + CBNF + Human and Livestock food - crop N content - livestock N content,CatSum /CatCount / 1000,1ab197c0-2cca-4fe0-a935-fb7b6be379c7,Pennino et al. 2020,https://www.sciencedirect.com/science/article/pii/S0048969720311724,1/2/2022,https://edg.epa.gov/metadata/catalog/search/resource/details.page?uuid=1ab197c0-2cca-4fe0-a935-fb7b6be379c7,
118,Anthropogenic,Nsurp[AOI],"Cat, Ws",,Nsurp_NANI,Nitrogen Surplus,Nitrogen Surplus (kg N / yr) per AOI - excluding biological N Fixation,Percent,1ab197c0-2cca-4fe0-a935-fb7b6be379c7,Pennino et al. 2020,https://www.sciencedirect.com/science/article/pii/S0048969720311724,1/2/2022,https://edg.epa.gov/metadata/catalog/search/resource/details.page?uuid=1ab197c0-2cca-4fe0-a935-fb7b6be379c7,
119,Anthropogenic,WWTPAllDens[AOI],"Cat, Ws",,WWTP,All Wastewater Treatment Density,Density (number/ km2) of all wastewater treatment plants per AOI,number/ km2,c698cf93-23ed-4854-9749-757acf3b8a82,Pennino et al. 2020,https://www.sciencedirect.com/science/article/pii/S0048969720311724,1/2/2022,https://edg.epa.gov/metadata/catalog/search/resource/details.page?uuid=c698cf93-23ed-4854-9749-757acf3b8a82,
119,Anthropogenic,WWTPMajorDens[AOI],"Cat, Ws",,WWTP,Major Wastewater Treatment Density,Density (number/ km2) of major wastewater treatment plants per AOI,number/ km2,c698cf93-23ed-4854-9749-757acf3b8a82,Pennino et al. 2020,https://www.sciencedirect.com/science/article/pii/S0048969720311724,1/3/2022,https://edg.epa.gov/metadata/catalog/search/resource/details.page?uuid=c698cf93-23ed-4854-9749-757acf3b8a82,
119,Anthropogenic,WWTPMinorDens[AOI],"Cat, Ws",,WWTP,Minor Wastewater Treatment Density,Density (number/ km2) of minor wastewater treatment plants per AOI,number/ km2,c698cf93-23ed-4854-9749-757acf3b8a82,Pennino et al. 2020,https://www.sciencedirect.com/science/article/pii/S0048969720311724,1/4/2022,https://edg.epa.gov/metadata/catalog/search/resource/details.page?uuid=c698cf93-23ed-4854-9749-757acf3b8a82,
120,Natural,wetted_width_m,Other,,predicted_channel_widths_depths,Predicted Wetted Width,Predicted wetted width: distance of the waters edge from left to right bank,meters,7a44ee19-0620-4be9-b82d-e2a42943c067,Doyle et al. 2023,https://doi.org/10.1111/1752-1688.13116,3/21/2023,https://edg.epa.gov/metadata/catalog/search/resource/details.page?uuid=7a44ee19-0620-4be9-b82d-e2a42943c067,
125,Natural,thalweg_depth_cm,Other,,predicted_channel_widths_depths,Predicted Thalweg Depth,Predicted thalweg depth: deepest point in the channel cross section from the bottom substrate to the water surface,cm,7a44ee19-0620-4be9-b82d-e2a42943c067,Doyle et al. 2023,https://doi.org/10.1111/1752-1688.13116,3/21/2023,https://edg.epa.gov/metadata/catalog/search/resource/details.page?uuid=7a44ee19-0620-4be9-b82d-e2a42943c067,
125,Natural,bankfull_width_m,Other,,predicted_channel_widths_depths,Predicted Bankfull Width,Predicted bankfull width: distance from left to right bank at bankfull stage where the potential water height would spill outside of the channel and into the floodplain,meters,7a44ee19-0620-4be9-b82d-e2a42943c067,Doyle et al. 2023,https://doi.org/10.1111/1752-1688.13116,3/21/2023,https://edg.epa.gov/metadata/catalog/search/resource/details.page?uuid=7a44ee19-0620-4be9-b82d-e2a42943c067,
125,Natural,bankfull_depth_m,Other,,predicted_channel_widths_depths,Predicted Bankfull Depth,"Predicted bankfull depth: thalweg depth plus bankfull height, which is the height from the water surface to the bankfull stage",meters,7a44ee19-0620-4be9-b82d-e2a42943c067,Doyle et al. 2023,https://doi.org/10.1111/1752-1688.13116,3/21/2023,https://edg.epa.gov/metadata/catalog/search/resource/details.page?uuid=7a44ee19-0620-4be9-b82d-e2a42943c067,
,Base,WsAreaSqKm[AOI],Ws,,All,Watershed Area Square Kilometers,"Watershed area (square km) at NHDPlus stream segment outlet, i.e., at the most downstream location of the vector line segment",Probability,0,NHDPlusV2,https://www.epa.gov/waterdata/nhdplus-national-hydrography-dataset-plus,1/1/2016,0,"Specifc metadata not located, generic StreamCat metadata URL used."
,Base,CatAreaSqKm[AOI],Cat,,All tables,Catchment Area Square Kilometers,Area of local NHDPlus AOI (square km),Square Kilometers,0,NHDPlusV2,https://www.epa.gov/waterdata/nhdplus-national-hydrography-dataset-plus,5/16/2016,0,"Specifc metadata not located, generic StreamCat metadata URL used."
,Base,CatPctFull[AOI],"Cat, Ws, Rp100",,All tables,Percent Full,Percent of the AOI that is covered by the landscape layer.,Percent,0,NHDPlusV2,https://www.epa.gov/waterdata/nhdplus-national-hydrography-dataset-plus,5/16/2016,0,"Specifc metadata not located, generic StreamCat metadata URL used."
,Base,CatAreaSqKmRp100[AOI],"Cat, Rp100",,Many tables,AOI Area Square Kilometers Riparian 100 Meters,Area of local NHDPlus AOIs (square km) within a 100-m buffer of NHD streams. Original NLCD 2006 water cells adjacent to NHD stream lines used to expand NHD stream lines to full water area,Square Kilometers,0,NHDPlusV2,https://www.epa.gov/waterdata/nhdplus-national-hydrography-dataset-plus,5/16/2016,0,
,Base,WsAreaSqKmRp100[AOI],"Ws, WsRp100","2001, 2004, 2006, 2008, 2011, 2013, 2016, 2019",Tables with Rp100 metrics,Watershed Area Square Kilometers Riparian 100 Meters,Watershed area (square km) within a 100-m buffer of NHD streams. Original NLCD 2006 water cells adjacent to NHD stream lines used to expand NHD stream lines to full water area,cm,0,Johnson s.  b. 2019,https://www.epa.gov/waterdata/nhdplus-national-hydrography-dataset-plus and https://www.mrlc.gov/,1/19/2016,https://edg.epa.gov/metadata/rest/document?id=%7BE4DB0FCC-4CB4-43CD-BE0B-C82858D85D36%7D&xsl=metadata_to_html_full,"Specifc metadata not located, generic StreamCat metadata URL used."
,Base,WsPctFullRp100[AOI],"Ws, WsRp100",,Tables with Rp100 metrics,Watershed Percent Full Riparian 100 Meters,Percent of riparian buffer within the watershed that is covered by the landscape raster.,crossings/square kilometer,0,Johnson d  er. 2019,https://www.epa.gov/waterdata/nhdplus-national-hydrography-dataset-plus,1/19/2016,https://edg.epa.gov/metadata/rest/document?id=%7BE4DB0FCC-4CB4-43CD-BE0B-C82858D85D36%7D&xsl=metadata_to_html_full,"Specifc metadata not located, generic StreamCat metadata URL used."
