FullTableName,accum_type,MetricName,AppendMetric,LandscapeLayer,summaryfield,Final_Table_Name,MetricType,Conversion,by_RPU,use_mask,run,notes,Published,Metadata Published,InAPIDatabase,Date Added
AgDrain,Categorical,lookup/AgDrain_lookup.csv,none,AgDrain_stlvl_FINAL.tif,,AgDrain,Percent,1,0,0,0,,Yes,Yes,,7/10/2020
Ag2006HiSlp,Categorical,lookup/Ag2006HiSlp_lookup.csv,none,Ag2006HiSlp.tif,,AgMidHiSlopes,Percent,1,0,0,0,,Yes,no,,1/21/2021
Ag2006MidSlp,Categorical,lookup/Ag2006MidSlp_lookup.csv,none,Ag2006MidSlp.tif,,AgMidHiSlopes,Percent,1,0,0,0,,Yes,no,,1/21/2021
CBNF,Continuous,CBNF,none,cbnf.tif,,AgriculturalNitrogen,Mean,1,0,0,0,,Yes,yes,Yes,1/21/2021
Fert,Continuous,Fert,none,fert.tif,,AgriculturalNitrogen,Mean,1,0,0,0,,Yes,yes,Yes,1/21/2021
Manure,Continuous,Manure,none,manure.tif,,AgriculturalNitrogen,Mean,1,0,0,0,,Yes,yes,Yes,1/22/2021
Aquifers,Categorical,lookup/Aquifer_Table_lookup.csv,none,us_aquifers_two.tif,,Aquifers,Percent,1,0,0,0,,No,yes,,10/15/2020
awch,Continuous,awch,none,awch.tif,,awch,Mean,1,0,0,0,,No,no,,6/15/2016
BDH,Continuous,BDH,none,bdh.tif,,BDH,Mean,1,0,0,0,,No,no,,8/19/2021
Bedrock_Perm,Categorical,lookup/bedrock_perm_lookup.csv,none,bedrock_perm.tif,,bedrock_perm,Percent,1,0,0,0,,No,no,,6/15/2020
BFI,Continuous,BFI,none,bfi.tif,,BFI,Mean,1,0,0,0,,Yes,yes,Yes,8/19/2021
CanalDensity,Continuous,CanalDens,none,CanalsDitches.tif,,CanalDensity,Density,0.03,0,0,0,,Yes,yes,Yes,6/15/2021
CoalMines,Point,CoalMineDens,none,USTRAT.shp,,CoalMines,Density,1,0,0,0,,Yes,yes,Yes,12/29/2021
Phos_Ag_Balance,Continuous,Phos_Ag_Balance,none,Phos_Ag_Balance.tif,,Compton_Phos_Inputs,Mean,1,0,0,0,,No,no,,7/2/2020
Phos_Crop_Uptake,Continuous,Phos_Crop_Uptake,none,Phos_Crop_Uptake.tif,,Compton_Phos_Inputs,Mean,1,0,0,0,,No,no,,7/2/2020
Phos_Fert,Continuous,Phos_Fert,none,Phos_Fert.tif,,Compton_Phos_Inputs,Mean,1,0,0,0,,No,no,,7/2/2020
Phos_Manure,Continuous,Phos_Manure,none,Phos_Manure.tif,,Compton_Phos_Inputs,Mean,1,0,0,0,,No,no,,7/2/2020
Dams,Point,DamDens,none,dams.shp,NIDStorM3;NrmStorM3,Dams,Density,1,0,0,0,,Yes,yes,Yes,12/29/2021
Elev,Continuous,Elev,none,elev_cm,,Elevation,Mean,0.01,1,0,0,Elevation takes an extremely long time to run..by_RPU,Yes,yes,Yes,8/20/2020
NPDES,Point,NPDESDens,none,NPDES_Major.shp,,EPA_FRS,Density,1,0,0,0,,Yes,yes,Yes,12/14/2021
Superfund,Point,SuperfundDens,none,Superfund.shp,,EPA_FRS,Density,1,0,0,0,,Yes,yes,Yes,12/14/2021
TRI,Point,TRIDens,none,TRI.shp,,EPA_FRS,Density,1,0,0,0,,Yes,yes,Yes,12/14/2021
NPDES_RipBuf100,Point,NPDESDens,Rp100,NPDES_RpBuf100.shp,,EPA_FRSRipBuf100,Density,1,0,1,0,,Yes,yes,,12/14/2021
Superfund_RipBuf100,Point,SuperfundDens,Rp100,Superfund_RpBuf100.shp,,EPA_FRSRipBuf100,Density,1,0,1,0,,Yes,yes,,12/14/2021
TRI_RipBuf100,Point,TRIDens,Rp100,TRI_RpBuf100.shp,,EPA_FRSRipBuf100,Density,1,0,1,0,,Yes,yes,,12/14/2021
Fire2000,Continuous,PctFire2000,none,fire2000.tif,,FirePerimeters,Mean,100,0,0,0,,Yes,yes,Yes,6/17/2020
Fire2001,Continuous,PctFire2001,none,fire2001.tif,,FirePerimeters,Mean,100,0,0,0,,Yes,yes,Yes,6/17/2020
Fire2002,Continuous,PctFire2002,none,fire2002.tif,,FirePerimeters,Mean,100,0,0,0,,Yes,yes,Yes,6/17/2020
Fire2003,Continuous,PctFire2003,none,fire2003.tif,,FirePerimeters,Mean,100,0,0,0,,Yes,yes,Yes,6/17/2020
Fire2004,Continuous,PctFire2004,none,fire2004.tif,,FirePerimeters,Mean,100,0,0,0,,Yes,yes,Yes,6/17/2020
Fire2005,Continuous,PctFire2005,none,fire2005.tif,,FirePerimeters,Mean,100,0,0,0,,Yes,yes,Yes,6/17/2020
Fire2006,Continuous,PctFire2006,none,fire2006.tif,,FirePerimeters,Mean,100,0,0,0,,Yes,yes,Yes,6/17/2020
Fire2007,Continuous,PctFire2007,none,fire2007.tif,,FirePerimeters,Mean,100,0,0,0,,Yes,yes,Yes,6/17/2020
Fire2008,Continuous,PctFire2008,none,fire2008.tif,,FirePerimeters,Mean,100,0,0,0,,Yes,yes,Yes,6/17/2020
Fire2009,Continuous,PctFire2009,none,fire2009.tif,,FirePerimeters,Mean,100,0,0,0,,Yes,yes,Yes,6/17/2020
Fire2010,Continuous,PctFire2010,none,fire2010.tif,,FirePerimeters,Mean,100,0,0,0,,Yes,yes,Yes,6/17/2020
Fire2000_RipBuf100,Continuous,PctFire2000,Rp100,fire2000.tif,,FirePerimetersRipBuf100,Mean,100,0,1,0,,Yes,yes,,6/17/2020
Fire2001_RipBuf100,Continuous,PctFire2001,Rp100,fire2001.tif,,FirePerimetersRipBuf100,Mean,100,0,1,0,,Yes,yes,,6/17/2020
Fire2002_RipBuf100,Continuous,PctFire2002,Rp100,fire2002.tif,,FirePerimetersRipBuf100,Mean,100,0,1,0,,Yes,yes,,6/17/2020
Fire2003_RipBuf100,Continuous,PctFire2003,Rp100,fire2003.tif,,FirePerimetersRipBuf100,Mean,100,0,1,0,,Yes,yes,,6/17/2020
Fire2004_RipBuf100,Continuous,PctFire2004,Rp100,fire2004.tif,,FirePerimetersRipBuf100,Mean,100,0,1,0,,Yes,yes,,6/17/2020
Fire2005_RipBuf100,Continuous,PctFire2005,Rp100,fire2005.tif,,FirePerimetersRipBuf100,Mean,100,0,1,0,,Yes,yes,,6/17/2020
Fire2006_RipBuf100,Continuous,PctFire2006,Rp100,fire2006.tif,,FirePerimetersRipBuf100,Mean,100,0,1,0,,Yes,yes,,6/17/2020
Fire2007_RipBuf100,Continuous,PctFire2007,Rp100,fire2007.tif,,FirePerimetersRipBuf100,Mean,100,0,1,0,,Yes,yes,,6/17/2020
Fire2008_RipBuf100,Continuous,PctFire2008,Rp100,fire2008.tif,,FirePerimetersRipBuf100,Mean,100,0,1,0,,Yes,yes,,6/17/2020
Fire2009_RipBuf100,Continuous,PctFire2009,Rp100,fire2009.tif,,FirePerimetersRipBuf100,Mean,100,0,1,0,,Yes,yes,,6/17/2020
Fire2010_RipBuf100,Continuous,PctFire2010,Rp100,fire2010.tif,,FirePerimetersRipBuf100,Mean,100,0,1,0,,Yes,yes,,6/17/2020
PerDun,Continuous,PerDun,none,perdun.tif,,FlowMetrics,Mean,1,0,0,0,,No,no,,7/2/2020
PerHor,Continuous,PerHor,none,perhor.tif,,FlowMetrics,Mean,1,0,0,0,,No,no,,7/2/2020
PERMH,Continuous,PERMH,none,PERMH.tif,,FlowMetrics,Mean,1,0,0,0,,No,no,,8/20/2021
TMEAN_PW_2004,Continuous,TMEAN_PW_2004,none,PRISMtmean_2004_PW.tif,,FlowMetrics,Mean,1,0,0,0,,No,no,,9/10/2021
TMEAN_PW_2005,Continuous,TMEAN_PW_2005,none,PRISMtmean_2005_PW.tif,,FlowMetrics,Mean,1,0,0,0,,No,no,,9/10/2021
TMEAN_PW_2008,Continuous,TMEAN_PW_2008,none,PRISMtmean_2008_PW.tif,,FlowMetrics,Mean,1,0,0,0,,No,no,,9/10/2021
TMEAN_PW_2009,Continuous,TMEAN_PW_2009,none,PRISMtmean_2009_PW.tif,,FlowMetrics,Mean,1,0,0,0,,No,no,,9/10/2021
TMEAN_PW_2013,Continuous,TMEAN_PW_2013,none,PRISMtmean_2013_PW.tif,,FlowMetrics,Mean,1,0,0,0,,No,no,,9/10/2021
TMEAN_PW_2014,Continuous,TMEAN_PW_2014,none,PRISMtmean_2014_PW.tif,,FlowMetrics,Mean,1,0,0,0,,No,no,,9/10/2021
TMEAN_PW_2018,Continuous,TMEAN_PW_2018,none,PRISMtmean_2018_PW.tif,,FlowMetrics,Mean,1,0,0,0,,No,no,,9/10/2021
TMEAN_PW_2019,Continuous,TMEAN_PW_2019,none,PRISMtmean_2019_PW.tif,,FlowMetrics,Mean,1,0,0,0,,No,no,,9/10/2021
TMEAN_S_2004,Continuous,TMEAN_S_2004,none,PRISMtmean_2004_S.tif,,FlowMetrics,Mean,1,0,0,0,,No,no,,9/10/2021
TMEAN_S_2005,Continuous,TMEAN_S_2005,none,PRISMtmean_2005_S.tif,,FlowMetrics,Mean,1,0,0,0,,No,no,,9/10/2021
TMEAN_S_2008,Continuous,TMEAN_S_2008,none,PRISMtmean_2008_S.tif,,FlowMetrics,Mean,1,0,0,0,,No,no,,9/10/2021
TMEAN_S_2009,Continuous,TMEAN_S_2009,none,PRISMtmean_2009_S.tif,,FlowMetrics,Mean,1,0,0,0,,No,no,,9/10/2021
TMEAN_S_2013,Continuous,TMEAN_S_2013,none,PRISMtmean_2013_S.tif,,FlowMetrics,Mean,1,0,0,0,,No,no,,9/10/2021
TMEAN_S_2014,Continuous,TMEAN_S_2014,none,PRISMtmean_2014_S.tif,,FlowMetrics,Mean,1,0,0,0,,No,no,,9/10/2021
TMEAN_S_2018,Continuous,TMEAN_S_2018,none,PRISMtmean_2018_S.tif,,FlowMetrics,Mean,1,0,0,0,,No,no,,9/10/2021
TMEAN_S_2019,Continuous,TMEAN_S_2019,none,PRISMtmean_2019_S.tif,,FlowMetrics,Mean,1,0,0,0,,No,no,,9/10/2021
TMEAN_SY_2004,Continuous,TMEAN_SY_2004,none,PRISMtmean_2004.tif,,FlowMetrics,Mean,1,0,0,0,,No,no,,9/30/2021
TMEAN_SY_2005,Continuous,TMEAN_SY_2005,none,PRISMtmean_2005.tif,,FlowMetrics,Mean,1,0,0,0,,No,no,,9/30/2021
TMEAN_SY_2008,Continuous,TMEAN_SY_2008,none,PRISMtmean_2008.tif,,FlowMetrics,Mean,1,0,0,0,,No,no,,9/30/2021
TMEAN_SY_2009,Continuous,TMEAN_SY_2009,none,PRISMtmean_2009.tif,,FlowMetrics,Mean,1,0,0,0,,No,no,,9/30/2021
TMEAN_SY_2013,Continuous,TMEAN_SY_2013,none,PRISMtmean_2013.tif,,FlowMetrics,Mean,1,0,0,0,,No,no,,9/30/2021
TMEAN_SY_2014,Continuous,TMEAN_SY_2014,none,PRISMtmean_2014.tif,,FlowMetrics,Mean,1,0,0,0,,No,no,,9/30/2021
TMEAN_SY_2018,Continuous,TMEAN_SY_2018,none,PRISMtmean_2018.tif,,FlowMetrics,Mean,1,0,0,0,,No,no,,9/30/2021
TMEAN_SY_2019,Continuous,TMEAN_SY_2019,none,PRISMtmean_2019.tif,,FlowMetrics,Mean,1,0,0,0,,No,no,,9/30/2021
TMEAN_W_2004,Continuous,TMEAN_W_2004,none,PRISMtmean_2004_W.tif,,FlowMetrics,Mean,1,0,0,0,,No,no,,9/10/2021
TMEAN_W_2005,Continuous,TMEAN_W_2005,none,PRISMtmean_2005_W.tif,,FlowMetrics,Mean,1,0,0,0,,No,no,,9/10/2021
TMEAN_W_2008,Continuous,TMEAN_W_2008,none,PRISMtmean_2008_W.tif,,FlowMetrics,Mean,1,0,0,0,,No,no,,9/10/2021
TMEAN_W_2009,Continuous,TMEAN_W_2009,none,PRISMtmean_2009_W.tif,,FlowMetrics,Mean,1,0,0,0,,No,no,,9/10/2021
TMEAN_W_2013,Continuous,TMEAN_W_2013,none,PRISMtmean_2013_W.tif,,FlowMetrics,Mean,1,0,0,0,,No,no,,9/10/2021
TMEAN_W_2014,Continuous,TMEAN_W_2014,none,PRISMtmean_2014_W.tif,,FlowMetrics,Mean,1,0,0,0,,No,no,,9/10/2021
TMEAN_W_2018,Continuous,TMEAN_W_2018,none,PRISMtmean_2018_W.tif,,FlowMetrics,Mean,1,0,0,0,,No,no,,9/10/2021
TMEAN_W_2019,Continuous,TMEAN_W_2019,none,PRISMtmean_2019_W.tif,,FlowMetrics,Mean,1,0,0,0,,No,no,,9/11/2021
PctFrstLoss,Continuous,PctFrstLoss,none,loss.tif,,ForestLoss,Mean,1,0,0,0,,No,no,,7/2/2020
PctFrstLossByYear,Categorical,lookup/ForestLossByYear_lookup.csv,none,lossyr.tif,,ForestLossByYear0013,Percent,1,0,0,0,,Yes,yes,Yes,7/2/2020
PctFrstLossByYear_RipBuf100,Categorical,lookup/ForestLossByYear_lookup.csv,Rp100,lossyr.tif,,ForestLossByYear0013RipBuf100,Percent,1,0,1,0,,Yes,yes,,7/2/2020
PctFrstLoss_RipBuf100,Continuous,PctFrstLoss_RipBuf100,Rp100,loss.tif,,ForestLossRipBuf100,Mean,1,0,1,0,,No,no,,7/2/2020
fstfrz,Continuous,FST32F,none,fstfrz.tif,,fstfrz,Mean,1,0,0,0,,No,no,,6/18/2020
Al2O3,Continuous,Al2O3,none,al20mar14.tif,,GeoChemPhys1,Mean,1,0,0,0,,Yes,yes,Yes,6/15/2020
CaO,Continuous,CaO,none,cao20mar14.tif,,GeoChemPhys1,Mean,1,0,0,0,,Yes,yes,Yes,6/15/2020
Fe2O3,Continuous,Fe2O3,none,fe20mar14.tif,,GeoChemPhys1,Mean,1,0,0,0,,Yes,yes,Yes,6/17/2020
K2O,Continuous,K2O,none,k20mar14.tif,,GeoChemPhys1,Mean,1,0,0,0,,Yes,yes,Yes,6/18/2020
MgO,Continuous,MgO,none,mgo20mar14.tif,,GeoChemPhys1,Mean,1,0,0,0,,Yes,yes,Yes,6/18/2020
Na2O,Continuous,Na2O,none,na20mar14.tif,,GeoChemPhys1,Mean,1,0,0,0,,Yes,yes,Yes,6/21/2020
P2O5,Continuous,P2O5,none,p20mar14.tif,,GeoChemPhys1,Mean,1,0,0,0,,Yes,yes,Yes,7/1/2020
S,Continuous,S,none,s20mar14.tif,,GeoChemPhys1,Mean,1,0,0,0,,Yes,yes,Yes,7/3/2020
SiO2,Continuous,SiO2,none,si20mar14.tif,,GeoChemPhys1,Mean,1,0,0,0,,Yes,yes,Yes,7/4/2020
N,Continuous,N,none,n20mar14.tif,,GeoChemPhys2,Mean,1,0,0,0,,Yes,yes,Yes,6/21/2020
HydrlCond,Continuous,HydrlCond,none,perm20mar14.tif,,GeoChemPhys3,Mean,1,0,0,0,,Yes,yes,Yes,6/18/2020
CompStrgth,Continuous,CompStrgth,none,ucs20mar14.tif,,GeoChemPhys4,Mean,1,0,0,0,,Yes,yes,Yes,6/15/2020
Geol_Hunt,Categorical,lookup/geol_hunt_lookup.csv,none,geol_hunt.tif,,geol_hunt,Percent,1,0,0,0,,No,no,,6/14/2020
Geol_reedBush,Categorical,lookup/geol_reedbush_lookup.csv,none,geol_reedbush.tif,,geol_reedbush,Percent,1,0,0,0,,No,no,,8/20/2021
GrazingPotential,Continuous,GrazingPotential,none,PCH.tif,,Grazing,Mean,1,0,0,0,,No,no,,
PctImp2001,Continuous,PctImp2001,none,nlcd_2001_impervious_l48_20210604.tif,,ImperviousSurfaces,Mean,1,0,0,0,,Yes,yes,Yes,8/17/2021
PctImp2004,Continuous,PctImp2004,none,nlcd_2004_impervious_l48_20210604.tif,,ImperviousSurfaces,Mean,1,0,0,0,,Yes,yes,Yes,8/18/2021
PctImp2006,Continuous,PctImp2006,none,nlcd_2006_impervious_l48_20210604.tif,,ImperviousSurfaces,Mean,1,0,0,0,,Yes,yes,Yes,8/18/2021
PctImp2008,Continuous,PctImp2008,none,nlcd_2008_impervious_l48_20210604.tif,,ImperviousSurfaces,Mean,1,0,0,0,,Yes,yes,Yes,8/18/2021
PctImp2011,Continuous,PctImp2011,none,nlcd_2011_impervious_l48_20210604.tif,,ImperviousSurfaces,Mean,1,0,0,0,,Yes,yes,Yes,8/17/2021
PctImp2013,Continuous,PctImp2013,none,nlcd_2013_impervious_l48_20210604.tif,,ImperviousSurfaces,Mean,1,0,0,0,,Yes,yes,Yes,8/17/2021
PctImp2016,Continuous,PctImp2016,none,nlcd_2016_impervious_l48_20210604.tif,,ImperviousSurfaces,Mean,1,0,0,0,,Yes,yes,Yes,8/17/2021
PctImp2019,Continuous,PctImp2019,none,nlcd_2019_impervious_l48_20210604.tif,,ImperviousSurfaces,Mean,1,0,0,0,,Yes,yes,Yes,8/17/2021
PctImp2001_HiSlp,Continuous,PctImp2001,Slp20,nlcd_2001_impervious_l48_20210604.tif,,ImperviousSurfacesHiSlope,Mean,1,0,3,0,,Yes,yes,Yes,8/17/2021
PctImp2004_HiSlp,Continuous,PctImp2004,Slp20,nlcd_2004_impervious_l48_20210604.tif,,ImperviousSurfacesHiSlope,Mean,1,0,3,0,,Yes,yes,Yes,8/17/2021
PctImp2006_HiSlp,Continuous,PctImp2006,Slp20,nlcd_2006_impervious_l48_20210604.tif,,ImperviousSurfacesHiSlope,Mean,1,0,3,0,,Yes,yes,Yes,8/17/2021
PctImp2008_HiSlp,Continuous,PctImp2008,Slp20,nlcd_2008_impervious_l48_20210604.tif,,ImperviousSurfacesHiSlope,Mean,1,0,3,0,,Yes,yes,Yes,8/17/2021
PctImp2011_HiSlp,Continuous,PctImp2011,Slp20,nlcd_2011_impervious_l48_20210604.tif,,ImperviousSurfacesHiSlope,Mean,1,0,3,0,,Yes,yes,Yes,8/17/2021
PctImp2013_HiSlp,Continuous,PctImp2013,Slp20,nlcd_2013_impervious_l48_20210604.tif,,ImperviousSurfacesHiSlope,Mean,1,0,3,0,,Yes,yes,Yes,8/18/2021
PctImp2016_HiSlp,Continuous,PctImp2016,Slp20,nlcd_2016_impervious_l48_20210604.tif,,ImperviousSurfacesHiSlope,Mean,1,0,3,0,,Yes,yes,Yes,8/18/2021
PctImp2019_HiSlp,Continuous,PctImp2019,Slp20,nlcd_2019_impervious_l48_20210604.tif,,ImperviousSurfacesHiSlope,Mean,1,0,3,0,,Yes,yes,Yes,8/18/2021
PctImp2001_MidSlp,Continuous,PctImp2001,Slp10,nlcd_2001_impervious_l48_20210604.tif,,ImperviousSurfacesMidSlope,Mean,1,0,2,0,,Yes,yes,Yes,8/17/2021
PctImp2004_MidSlp,Continuous,PctImp2004,Slp10,nlcd_2004_impervious_l48_20210604.tif,,ImperviousSurfacesMidSlope,Mean,1,0,2,0,,Yes,yes,Yes,8/17/2021
PctImp2006_MidSlp,Continuous,PctImp2006,Slp10,nlcd_2006_impervious_l48_20210604.tif,,ImperviousSurfacesMidSlope,Mean,1,0,2,0,,Yes,yes,Yes,8/17/2021
PctImp2008_MidSlp,Continuous,PctImp2008,Slp10,nlcd_2008_impervious_l48_20210604.tif,,ImperviousSurfacesMidSlope,Mean,1,0,2,0,,Yes,yes,Yes,8/17/2021
PctImp2011_MidSlp,Continuous,PctImp2011,Slp10,nlcd_2011_impervious_l48_20210604.tif,,ImperviousSurfacesMidSlope,Mean,1,0,2,0,,Yes,yes,Yes,8/17/2021
PctImp2013_MidSlp,Continuous,PctImp2013,Slp10,nlcd_2013_impervious_l48_20210604.tif,,ImperviousSurfacesMidSlope,Mean,1,0,2,0,,Yes,yes,Yes,8/18/2021
PctImp2016_MidSlp,Continuous,PctImp2016,Slp10,nlcd_2016_impervious_l48_20210604.tif,,ImperviousSurfacesMidSlope,Mean,1,0,2,0,,Yes,yes,Yes,8/18/2021
PctImp2019_MidSlp,Continuous,PctImp2019,Slp10,nlcd_2019_impervious_l48_20210604.tif,,ImperviousSurfacesMidSlope,Mean,1,0,2,0,,Yes,yes,Yes,8/18/2021
PctImp2001_RipBuf100,Continuous,PctImp2001,Rp100,nlcd_2001_impervious_l48_20210604.tif,,ImperviousSurfacesRipBuf100,Mean,1,0,1,0,,Yes,yes,Yes,8/17/2021
PctImp2004_RipBuf100,Continuous,PctImp2004,Rp100,nlcd_2004_impervious_l48_20210604.tif,,ImperviousSurfacesRipBuf100,Mean,1,0,1,0,,Yes,yes,Yes,8/18/2021
PctImp2006_RipBuf100,Continuous,PctImp2006,Rp100,nlcd_2006_impervious_l48_20210604.tif,,ImperviousSurfacesRipBuf100,Mean,1,0,1,0,,Yes,yes,Yes,8/18/2021
PctImp2008_RipBuf100,Continuous,PctImp2008,Rp100,nlcd_2008_impervious_l48_20210604.tif,,ImperviousSurfacesRipBuf100,Mean,1,0,1,0,,Yes,yes,Yes,8/18/2021
PctImp2011_RipBuf100,Continuous,PctImp2011,Rp100,nlcd_2011_impervious_l48_20210604.tif,,ImperviousSurfacesRipBuf100,Mean,1,0,1,0,,Yes,yes,Yes,8/17/2021
PctImp2013_RipBuf100,Continuous,PctImp2013,Rp100,nlcd_2013_impervious_l48_20210604.tif,,ImperviousSurfacesRipBuf100,Mean,1,0,1,0,,Yes,yes,Yes,8/17/2021
PctImp2016_RipBuf100,Continuous,PctImp2016,Rp100,nlcd_2016_impervious_l48_20210604.tif,,ImperviousSurfacesRipBuf100,Mean,1,0,1,0,,Yes,yes,Yes,8/17/2021
PctImp2019_RipBuf100,Continuous,PctImp2019,Rp100,nlcd_2019_impervious_l48_20210604.tif,,ImperviousSurfacesRipBuf100,Mean,1,0,1,0,,Yes,yes,Yes,8/17/2021
AgKffact,Continuous,AgKffact,none,AgKffact.tif,,Kffact,Mean,0.01,0,0,0,,Yes,yes,Yes,6/15/2020
Kffact,Continuous,Kffact,none,kffact.tif,,Kffact,Mean,0.01,0,0,0,used to create the pctfull on the rp100 rasters,Yes,yes,Yes,6/18/2020
Lith,Categorical,lookup/Lithology_lookup.csv,none,us_lithology_1km_dd83.tif,,Lithology,Percent,1,0,0,0,,Yes,yes,Yes,6/18/2020
Lstfrz,Continuous,LST32F,none,lstfrz.tif,,lstfrz,Mean,1,0,0,0,,No,no,,6/18/2020
Mine,Point,MineDens,none,mines.shp,,Mines,Density,1,0,0,0,,Yes,yes,Yes,12/29/2021
Mine_RipBuf100,Point,MineDens,Rp100,mines_RpBuf100.shp,,MinesRipBuf100,Density,1,0,1,0,,Yes,yes,Yes,12/29/2021
MODIS_Ir_Ag_2002,Categorical,lookup/MODIS_IrAg_lookup.csv,none,mirad250_02.tif,,MODIS_IrrigAg,Percent,1,0,0,0,,No,no,,7/10/2020
MODIS_Ir_Ag_2007,Categorical,lookup/MODIS_IrAg_lookup.csv,none,mirad250_07.tif,,MODIS_IrrigAg,Percent,1,0,0,0,,No,no,,7/10/2020
MODIS_Ir_Ag_2012,Categorical,lookup/MODIS_IrAg_lookup.csv,none,mirad250_12.tif,,MODIS_IrrigAg,Percent,1,0,0,0,,No,no,,7/10/2020
MTBS_1984,Continuous,MTBS_1984,none,MTBS_1984.tif,,MTBS,Mean,100,0,0,0,,Yes,yes,Yes,6/19/2020
MTBS_1985,Continuous,MTBS_1985,none,MTBS_1985.tif,,MTBS,Mean,100,0,0,0,,Yes,yes,Yes,6/19/2020
MTBS_1986,Continuous,MTBS_1986,none,MTBS_1986.tif,,MTBS,Mean,100,0,0,0,,Yes,yes,Yes,6/19/2020
MTBS_1987,Continuous,MTBS_1987,none,MTBS_1987.tif,,MTBS,Mean,100,0,0,0,,Yes,yes,Yes,6/19/2020
MTBS_1988,Continuous,MTBS_1988,none,MTBS_1988.tif,,MTBS,Mean,100,0,0,0,,Yes,yes,Yes,6/19/2020
MTBS_1989,Continuous,MTBS_1989,none,MTBS_1989.tif,,MTBS,Mean,100,0,0,0,,Yes,yes,Yes,6/19/2020
MTBS_1990,Continuous,MTBS_1990,none,MTBS_1990.tif,,MTBS,Mean,100,0,0,0,,Yes,yes,Yes,6/19/2020
MTBS_1991,Continuous,MTBS_1991,none,MTBS_1991.tif,,MTBS,Mean,100,0,0,0,,Yes,yes,Yes,6/19/2020
MTBS_1992,Continuous,MTBS_1992,none,MTBS_1992.tif,,MTBS,Mean,100,0,0,0,,Yes,yes,Yes,6/19/2020
MTBS_1993,Continuous,MTBS_1993,none,MTBS_1993.tif,,MTBS,Mean,100,0,0,0,,Yes,yes,Yes,6/19/2020
MTBS_1994,Continuous,MTBS_1994,none,MTBS_1994.tif,,MTBS,Mean,100,0,0,0,,Yes,yes,Yes,6/19/2020
MTBS_1995,Continuous,MTBS_1995,none,MTBS_1995.tif,,MTBS,Mean,100,0,0,0,,Yes,yes,Yes,6/19/2020
MTBS_1996,Continuous,MTBS_1996,none,MTBS_1996.tif,,MTBS,Mean,100,0,0,0,,Yes,yes,Yes,6/19/2020
MTBS_1997,Continuous,MTBS_1997,none,MTBS_1997.tif,,MTBS,Mean,100,0,0,0,,Yes,yes,Yes,6/19/2020
MTBS_1998,Continuous,MTBS_1998,none,MTBS_1998.tif,,MTBS,Mean,100,0,0,0,,Yes,yes,Yes,6/19/2020
MTBS_1999,Continuous,MTBS_1999,none,MTBS_1999.tif,,MTBS,Mean,100,0,0,0,,Yes,yes,Yes,6/19/2020
MTBS_2000,Continuous,MTBS_2000,none,MTBS_2000.tif,,MTBS,Mean,100,0,0,0,,Yes,yes,Yes,6/19/2020
MTBS_2001,Continuous,MTBS_2001,none,MTBS_2001.tif,,MTBS,Mean,100,0,0,0,,Yes,yes,Yes,6/19/2020
MTBS_2002,Continuous,MTBS_2002,none,MTBS_2002.tif,,MTBS,Mean,100,0,0,0,,Yes,yes,Yes,6/19/2020
MTBS_2003,Continuous,MTBS_2003,none,MTBS_2003.tif,,MTBS,Mean,100,0,0,0,,Yes,yes,Yes,6/19/2020
MTBS_2004,Continuous,MTBS_2004,none,MTBS_2004.tif,,MTBS,Mean,100,0,0,0,,Yes,yes,Yes,6/19/2020
MTBS_2005,Continuous,MTBS_2005,none,MTBS_2005.tif,,MTBS,Mean,100,0,0,0,,Yes,yes,Yes,6/19/2020
MTBS_2006,Continuous,MTBS_2006,none,MTBS_2006.tif,,MTBS,Mean,100,0,0,0,,Yes,yes,Yes,6/19/2020
MTBS_2007,Continuous,MTBS_2007,none,MTBS_2007.tif,,MTBS,Mean,100,0,0,0,,Yes,yes,Yes,6/19/2020
MTBS_2008,Continuous,MTBS_2008,none,MTBS_2008.tif,,MTBS,Mean,100,0,0,0,,Yes,yes,Yes,6/19/2020
MTBS_2009,Continuous,MTBS_2009,none,MTBS_2009.tif,,MTBS,Mean,100,0,0,0,,Yes,yes,Yes,6/19/2020
MTBS_2010,Continuous,MTBS_2010,none,MTBS_2010.tif,,MTBS,Mean,100,0,0,0,,Yes,yes,Yes,6/19/2020
MTBS_2011,Continuous,MTBS_2011,none,MTBS_2011.tif,,MTBS,Mean,100,0,0,0,,Yes,yes,Yes,6/19/2020
MTBS_2012,Continuous,MTBS_2012,none,MTBS_2012.tif,,MTBS,Mean,100,0,0,0,,Yes,yes,Yes,6/19/2020
MTBS_2013,Continuous,MTBS_2013,none,MTBS_2013.tif,,MTBS,Mean,100,0,0,0,,Yes,yes,Yes,6/19/2020
MTBS_2014,Continuous,MTBS_2014,none,MTBS_2014.tif,,MTBS,Mean,100,0,0,0,,Yes,yes,Yes,6/19/2020
MTBS_2015,Continuous,MTBS_2015,none,MTBS_2015.tif,,MTBS,Mean,100,0,0,0,,Yes,yes,Yes,6/19/2020
MTBS_2016,Continuous,MTBS_2016,none,MTBS_2016.tif,,MTBS,Mean,100,0,0,0,,Yes,yes,Yes,3/19/2021
MTBS_2017,Continuous,MTBS_2017,none,MTBS_2017.tif,,MTBS,Mean,100,0,0,0,,Yes,yes,Yes,3/20/2021
MTBS_2018,Continuous,MTBS_2018,none,MTBS_2018.tif,,MTBS,Mean,100,0,0,0,,Yes,yes,Yes,3/22/2021
MTBS_Severity_1984,Categorical,lookup/MTBS_severity1984_lookup.csv,none,MTBS_Severity_1984.tif,,MTBS_Severity_1984,Percent,1,0,0,0,,Yes,yes,,6/19/2020
MTBS_Severity_1985,Categorical,lookup/MTBS_severity1985_lookup.csv,none,MTBS_Severity_1985.tif,,MTBS_Severity_1985,Percent,1,0,0,0,,Yes,yes,,6/20/2020
MTBS_Severity_1986,Categorical,lookup/MTBS_severity1986_lookup.csv,none,MTBS_Severity_1986.tif,,MTBS_Severity_1986,Percent,1,0,0,0,,Yes,yes,,6/20/2020
MTBS_Severity_1987,Categorical,lookup/MTBS_severity1987_lookup.csv,none,MTBS_Severity_1987.tif,,MTBS_Severity_1987,Percent,1,0,0,0,,Yes,yes,,6/20/2020
MTBS_Severity_1988,Categorical,lookup/MTBS_severity1988_lookup.csv,none,MTBS_Severity_1988.tif,,MTBS_Severity_1988,Percent,1,0,0,0,,Yes,yes,,6/20/2020
MTBS_Severity_1989,Categorical,lookup/MTBS_severity1989_lookup.csv,none,MTBS_Severity_1989.tif,,MTBS_Severity_1989,Percent,1,0,0,0,,Yes,yes,,6/20/2020
MTBS_Severity_1990,Categorical,lookup/MTBS_severity1990_lookup.csv,none,MTBS_Severity_1990.tif,,MTBS_Severity_1990,Percent,1,0,0,0,,Yes,yes,,6/20/2020
MTBS_Severity_1991,Categorical,lookup/MTBS_severity1991_lookup.csv,none,MTBS_Severity_1991.tif,,MTBS_Severity_1991,Percent,1,0,0,0,,Yes,yes,,6/20/2020
MTBS_Severity_1992,Categorical,lookup/MTBS_severity1992_lookup.csv,none,MTBS_Severity_1992.tif,,MTBS_Severity_1992,Percent,1,0,0,0,,Yes,yes,,6/20/2020
MTBS_Severity_1993,Categorical,lookup/MTBS_severity1993_lookup.csv,none,MTBS_Severity_1993.tif,,MTBS_Severity_1993,Percent,1,0,0,0,,Yes,yes,,6/20/2020
MTBS_Severity_1994,Categorical,lookup/MTBS_severity1994_lookup.csv,none,MTBS_Severity_1994.tif,,MTBS_Severity_1994,Percent,1,0,0,0,,Yes,yes,,6/20/2020
MTBS_Severity_1995,Categorical,lookup/MTBS_severity1995_lookup.csv,none,MTBS_Severity_1995.tif,,MTBS_Severity_1995,Percent,1,0,0,0,,Yes,yes,,6/20/2020
MTBS_Severity_1996,Categorical,lookup/MTBS_severity1996_lookup.csv,none,MTBS_Severity_1996.tif,,MTBS_Severity_1996,Percent,1,0,0,0,,Yes,yes,,6/20/2020
MTBS_Severity_1997,Categorical,lookup/MTBS_severity1997_lookup.csv,none,MTBS_Severity_1997.tif,,MTBS_Severity_1997,Percent,1,0,0,0,,Yes,yes,,6/20/2020
MTBS_Severity_1998,Categorical,lookup/MTBS_severity1998_lookup.csv,none,MTBS_Severity_1998.tif,,MTBS_Severity_1998,Percent,1,0,0,0,,Yes,yes,,6/20/2020
MTBS_Severity_1999,Categorical,lookup/MTBS_severity1999_lookup.csv,none,MTBS_Severity_1999.tif,,MTBS_Severity_1999,Percent,1,0,0,0,,Yes,yes,,6/20/2020
MTBS_Severity_2000,Categorical,lookup/MTBS_severity2000_lookup.csv,none,MTBS_Severity_2000.tif,,MTBS_Severity_2000,Percent,1,0,0,0,,Yes,yes,,6/20/2020
MTBS_Severity_2001,Categorical,lookup/MTBS_severity2001_lookup.csv,none,MTBS_Severity_2001.tif,,MTBS_Severity_2001,Percent,1,0,0,0,,Yes,yes,,6/20/2020
MTBS_Severity_2002,Categorical,lookup/MTBS_severity2002_lookup.csv,none,MTBS_Severity_2002.tif,,MTBS_Severity_2002,Percent,1,0,0,0,,Yes,yes,,6/20/2020
MTBS_Severity_2003,Categorical,lookup/MTBS_severity2003_lookup.csv,none,MTBS_Severity_2003.tif,,MTBS_Severity_2003,Percent,1,0,0,0,,Yes,yes,,6/20/2020
MTBS_Severity_2004,Categorical,lookup/MTBS_severity2004_lookup.csv,none,MTBS_Severity_2004.tif,,MTBS_Severity_2004,Percent,1,0,0,0,,Yes,yes,,6/20/2020
MTBS_Severity_2005,Categorical,lookup/MTBS_severity2005_lookup.csv,none,MTBS_Severity_2005.tif,,MTBS_Severity_2005,Percent,1,0,0,0,,Yes,yes,,6/20/2020
MTBS_Severity_2006,Categorical,lookup/MTBS_severity2006_lookup.csv,none,MTBS_Severity_2006.tif,,MTBS_Severity_2006,Percent,1,0,0,0,,Yes,yes,,6/20/2020
MTBS_Severity_2007,Categorical,lookup/MTBS_severity2007_lookup.csv,none,MTBS_Severity_2007.tif,,MTBS_Severity_2007,Percent,1,0,0,0,,Yes,yes,,6/20/2020
MTBS_Severity_2008,Categorical,lookup/MTBS_severity2008_lookup.csv,none,MTBS_Severity_2008.tif,,MTBS_Severity_2008,Percent,1,0,0,0,,Yes,yes,,6/20/2020
MTBS_Severity_2009,Categorical,lookup/MTBS_severity2009_lookup.csv,none,MTBS_Severity_2009.tif,,MTBS_Severity_2009,Percent,1,0,0,0,,Yes,yes,,6/20/2020
MTBS_Severity_2010,Categorical,lookup/MTBS_severity2010_lookup.csv,none,MTBS_Severity_2010.tif,,MTBS_Severity_2010,Percent,1,0,0,0,,Yes,yes,,6/21/2020
MTBS_Severity_2011,Categorical,lookup/MTBS_severity2011_lookup.csv,none,MTBS_Severity_2011.tif,,MTBS_Severity_2011,Percent,1,0,0,0,,Yes,yes,,6/21/2020
MTBS_Severity_2012,Categorical,lookup/MTBS_severity2012_lookup.csv,none,MTBS_Severity_2012.tif,,MTBS_Severity_2012,Percent,1,0,0,0,,Yes,yes,,6/21/2020
MTBS_Severity_2013,Categorical,lookup/MTBS_severity2013_lookup.csv,none,MTBS_Severity_2013.tif,,MTBS_Severity_2013,Percent,1,0,0,0,,Yes,yes,,6/21/2020
MTBS_Severity_2014,Categorical,lookup/MTBS_severity2014_lookup.csv,none,MTBS_Severity_2014.tif,,MTBS_Severity_2014,Percent,1,0,0,0,,Yes,yes,,6/21/2020
MTBS_Severity_2015,Categorical,lookup/MTBS_severity2015_lookup.csv,none,MTBS_Severity_2015.tif,,MTBS_Severity_2015,Percent,1,0,0,0,,Yes,yes,,6/21/2020
MTBS_Severity_2016,Categorical,lookup/MTBS_severity2016_lookup.csv,none,MTBS_Severity_2016.tif,,MTBS_Severity_2016,Percent,1,0,0,0,,Yes,yes,,6/21/2020
MTBS_Severity_2017,Categorical,lookup/MTBS_severity2017_lookup.csv,none,MTBS_Severity_2017.tif,,MTBS_Severity_2017,Percent,1,0,0,0,,Yes,yes,,3/18/2021
MTBS_Severity_2018,Categorical,lookup/MTBS_severity2018_lookup.csv,none,MTBS_Severity_2018.tif,,MTBS_Severity_2018,Percent,1,0,0,0,,Yes,yes,,3/18/2021
NABD,Point,NABD_Dens,none,NABD.shp,NIDStorM3;NrmStorM3,NABD,Density,1,0,0,0,,Yes,yes,Yes,12/29/2021
AveSN_2008,Continuous,SN_2008,none,dep_splusn_2008.tif,,NADP,Mean,1,0,0,0,,Yes,yes,Yes,
InorgNWetDep_2008,Continuous,InorgNWetDep_2008,none,dep_totalN_2008.tif,,NADP,Mean,1,0,0,0,,Yes,yes,Yes,6/18/2020
NH4_2008,Continuous,NH4_2008,none,dep_nh4_2008.tif,,NADP,Mean,1,0,0,0,,Yes,yes,Yes,6/29/2020
NO3_2008,Continuous,NO3_2008,none,dep_no3_2008.tif,,NADP,Mean,1,0,0,0,,Yes,yes,Yes,7/1/2020
SN_2008,Continuous,SN_2008,none,dep_splusn_2008.tif,,NADP,Mean,1,0,0,0,,Yes,yes,Yes,7/4/2020
NH4_2014,Continuous,NH4_2014,none,NH4_dep_2014.tif,,NADP_2014_2018,Mean,1,0,0,0,,No,no,,10/27/2020
NH4_2015,Continuous,NH4_2015,none,NH4_dep_2015.tif,,NADP_2014_2018,Mean,1,0,0,0,,No,no,,10/28/2020
NH4_2016,Continuous,NH4_2016,none,NH4_dep_2016.tif,,NADP_2014_2018,Mean,1,0,0,0,,No,no,,10/28/2020
NH4_2017,Continuous,NH4_2017,none,NH4_dep_2017.tif,,NADP_2014_2018,Mean,1,0,0,0,,No,no,,10/28/2020
NH4_2018,Continuous,NH4_2018,none,NH4_dep_2018.tif,,NADP_2014_2018,Mean,1,0,0,0,,No,no,,10/29/2020
NO3_2014,Continuous,NO3_2014,none,NO3_dep_2014.tif,,NADP_2014_2018,Mean,1,0,0,0,,No,no,,10/29/2020
NO3_2015,Continuous,NO3_2015,none,NO3_dep_2015.tif,,NADP_2014_2018,Mean,1,0,0,0,,No,no,,10/29/2020
NO3_2016,Continuous,NO3_2016,none,NO3_dep_2016.tif,,NADP_2014_2018,Mean,1,0,0,0,,No,no,,10/29/2020
NO3_2017,Continuous,NO3_2017,none,NO3_dep_2017.tif,,NADP_2014_2018,Mean,1,0,0,0,,No,no,,10/30/2020
NO3_2018,Continuous,NO3_2018,none,NO3_dep_2018.tif,,NADP_2014_2018,Mean,1,0,0,0,,No,no,,11/1/2020
NLCD2001,Categorical,lookup/NLCD2001_lookup.csv,none,nlcd_2001_land_cover_l48_20210604.tif,,NLCD2001,Percent,1,0,0,0,,Yes,yes,Yes,8/11/2021
NLCD2001_HiSlp,Categorical,lookup/NLCD2001_lookup.csv,Slp20,nlcd_2001_land_cover_l48_20210604.tif,,NLCD2001HiSlope,Percent,1,0,3,0,,Yes,yes,,8/11/2021
NLCD2001_MidSlp,Categorical,lookup/NLCD2001_lookup.csv,Slp10,nlcd_2001_land_cover_l48_20210604.tif,,NLCD2001MidSlope,Percent,1,0,2,0,,Yes,yes,,8/11/2021
NLCD2001_RipBuf100,Categorical,lookup/NLCD2001_lookup.csv,Rp100,nlcd_2001_land_cover_l48_20210604.tif,,NLCD2001RipBuf100,Percent,1,0,1,0,,Yes,yes,Yes,8/12/2021
NLCD2004,Categorical,lookup/NLCD2004_lookup.csv,none,nlcd_2004_land_cover_l48_20210604.tif,,NLCD2004,Percent,1,0,0,0,,Yes,yes,Yes,8/11/2021
NLCD2004_HiSlp,Categorical,lookup/NLCD2004_lookup.csv,Slp20,nlcd_2004_land_cover_l48_20210604.tif,,NLCD2004HiSlope,Percent,1,0,3,0,,Yes,yes,,8/11/2021
NLCD2004_MidSlp,Categorical,lookup/NLCD2004_lookup.csv,Slp10,nlcd_2004_land_cover_l48_20210604.tif,,NLCD2004MidSlope,Percent,1,0,2,0,,Yes,yes,,8/12/2021
NLCD2004_RipBuf100,Categorical,lookup/NLCD2004_lookup.csv,Rp100,nlcd_2004_land_cover_l48_20210604.tif,,NLCD2004RipBuf100,Percent,1,0,1,0,,Yes,yes,,8/12/2021
NLCD2006,Categorical,lookup/NLCD2006_lookup.csv,none,nlcd_2006_land_cover_l48_20210604.tif,,NLCD2006,Percent,1,0,0,0,,Yes,yes,Yes,8/12/2021
NLCD2006_HiSlp,Categorical,lookup/NLCD2006_lookup.csv,Slp20,nlcd_2006_land_cover_l48_20210604.tif,,NLCD2006HiSlope,Percent,1,0,3,0,,Yes,yes,,8/12/2021
NLCD2006_MidSlp,Categorical,lookup/NLCD2006_lookup.csv,Slp10,nlcd_2006_land_cover_l48_20210604.tif,,NLCD2006MidSlope,Percent,1,0,2,0,,Yes,yes,,8/12/2021
NLCD2006_RipBuf100,Categorical,lookup/NLCD2006_lookup.csv,Rp100,nlcd_2006_land_cover_l48_20210604.tif,,NLCD2006RipBuf100,Percent,1,0,1,0,,Yes,yes,,8/12/2021
NLCD2008,Categorical,lookup/NLCD2008_lookup.csv,none,nlcd_2008_land_cover_l48_20210604.tif,,NLCD2008,Percent,1,0,0,0,,Yes,yes,Yes,8/12/2021
NLCD2008_HiSlp,Categorical,lookup/NLCD2008_lookup.csv,Slp20,nlcd_2008_land_cover_l48_20210604.tif,,NLCD2008HiSlope,Percent,1,0,3,0,,Yes,yes,,8/12/2021
NLCD2008_MidSlp,Categorical,lookup/NLCD2008_lookup.csv,Slp10,nlcd_2008_land_cover_l48_20210604.tif,,NLCD2008MidSlope,Percent,1,0,2,0,,Yes,yes,,8/12/2021
NLCD2008_RipBuf100,Categorical,lookup/NLCD2008_lookup.csv,Rp100,nlcd_2008_land_cover_l48_20210604.tif,,NLCD2008RipBuf100,Percent,1,0,1,0,,Yes,yes,,8/13/2021
NLCD2011,Categorical,lookup/NLCD2011_lookup.csv,none,nlcd_2011_land_cover_l48_20210604.tif,,NLCD2011,Percent,1,0,0,0,,Yes,yes,Yes,8/12/2021
NLCD2011_HiSlp,Categorical,lookup/NLCD2011_lookup.csv,Slp20,nlcd_2011_land_cover_l48_20210604.tif,,NLCD2011HiSlope,Percent,1,0,3,0,,Yes,yes,,8/12/2021
NLCD2011_MidSlp,Categorical,lookup/NLCD2011_lookup.csv,Slp10,nlcd_2011_land_cover_l48_20210604.tif,,NLCD2011MidSlope,Percent,1,0,2,0,,Yes,yes,,8/12/2021
NLCD2011_RipBuf100,Categorical,lookup/NLCD2011_lookup.csv,Rp100,nlcd_2011_land_cover_l48_20210604.tif,,NLCD2011RipBuf100,Percent,1,0,1,0,,Yes,yes,,8/13/2021
NLCD2013,Categorical,lookup/NLCD2013_lookup.csv,none,nlcd_2013_land_cover_l48_20210604.tif,,NLCD2013,Percent,1,0,0,0,,Yes,yes,Yes,8/11/2021
NLCD2013_HiSlp,Categorical,lookup/NLCD2013_lookup.csv,Slp20,nlcd_2013_land_cover_l48_20210604.tif,,NLCD2013HiSlope,Percent,1,0,3,0,,Yes,yes,,8/11/2021
NLCD2013_MidSlp,Categorical,lookup/NLCD2013_lookup.csv,Slp10,nlcd_2013_land_cover_l48_20210604.tif,,NLCD2013MidSlope,Percent,1,0,2,0,,Yes,yes,,8/11/2021
NLCD2013_RipBuf100,Categorical,lookup/NLCD2013_lookup.csv,Rp100,nlcd_2013_land_cover_l48_20210604.tif,,NLCD2013RipBuf100,Percent,1,0,1,0,,Yes,yes,,8/11/2021
NLCD2016,Categorical,lookup/NLCD2016_lookup.csv,none,nlcd_2016_land_cover_l48_20210604.tif,,NLCD2016,Percent,1,0,0,0,,Yes,yes,Yes,8/11/2021
NLCD2016_HiSlp,Categorical,lookup/NLCD2016_lookup.csv,Slp20,nlcd_2016_land_cover_l48_20210604.tif,,NLCD2016HiSlope,Percent,1,0,3,0,,Yes,yes,,8/11/2021
NLCD2016_MidSlp,Categorical,lookup/NLCD2016_lookup.csv,Slp10,nlcd_2016_land_cover_l48_20210604.tif,,NLCD2016MidSlope,Percent,1,0,2,0,,Yes,yes,,8/12/2021
NLCD2016_RipBuf100,Categorical,lookup/NLCD2016_lookup.csv,Rp100,nlcd_2016_land_cover_l48_20210604.tif,,NLCD2016RipBuf100,Percent,1,0,1,0,,Yes,yes,,8/12/2021
NLCD2019,Categorical,lookup/NLCD2019_lookup.csv,none,nlcd_2019_land_cover_l48_20210604.tif,,NLCD2019,Percent,1,0,0,0,,Yes,yes,,8/12/2021
NLCD2019_HiSlp,Categorical,lookup/NLCD2019_lookup.csv,Slp20,nlcd_2019_land_cover_l48_20210604.tif,,NLCD2019HiSlope,Percent,1,0,3,0,,Yes,yes,Yes,8/12/2021
NLCD2019_MidSlp,Categorical,lookup/NLCD2019_lookup.csv,Slp10,nlcd_2019_land_cover_l48_20210604.tif,,NLCD2019MidSlope,Percent,1,0,2,0,,Yes,yes,,8/12/2021
NLCD2019_RipBuf100,Categorical,lookup/NLCD2019_lookup.csv,Rp100,nlcd_2019_land_cover_l48_20210604.tif,,NLCD2019RipBuf100,Percent,1,0,1,0,,Yes,yes,,8/13/2021
PctNonAgIntrodManagVeg,Continuous,PctNonAgIntrodManagVeg,none,IntrodManagVeg.tif,,NonAgIntrodManagVeg,Mean,100,0,0,0,,Yes,yes,Yes,7/2/2020
PctNonAgIntrodManagVeg_RipBuf100,Continuous,PctNonAgIntrodManagVeg,Rp100,IntrodManagVeg.tif,,NonAgIntrodManagVegRipBuf100,Mean,100,0,1,0,,Yes,yes,,7/2/2020
Irrgation_Pct_Onag,Continuous,Irrgation_Pct_Onag,none,irr_perc_onag.tif,,none,Mean,1,0,0,0,,No,no,,3/1/2021
N_rmv,Continuous,N_rmv,none,N_Remv_onag.tif,,none,Mean,1,0,0,0,,No,no,,3/2/2021
N_Urb_Fert,Continuous,N_Urb_Fert,none,N_Fert_onurb.tif,,none,Mean,1,0,0,0,,No,no,,3/3/2021
Legacy_P,Continuous,Legacy_P,none,PCH.tif,,NutrientInv_1,Mean,1,0,0,0,,No,no,,
N_Fert_Farm,Continuous,N_Fert_Farm,none,PCH.tif,,NutrientInv_1,Mean,1,0,0,0,,No,no,,9/1/2023
N_Fert_Urban,Continuous,N_Fert_Urban,none,PCH.tif,,NutrientInv_1,Mean,1,0,0,0,,No,no,,9/1/2023
N_Human_Waste,Continuous,N_Human_Waste,none,PCH.tif,,NutrientInv_1,Mean,1,0,0,0,,No,no,,9/1/2023
N_Livestock_Waste,Continuous,N_Livestock_Waste,none,PCH.tif,,NutrientInv_2,Mean,1,0,0,0,,No,no,,9/1/2023
P_f_fertilizer,Continuous,P_f_fertilizer,none,PCH.tif,,NutrientInv_2,Mean,1,0,0,0,,No,no,,9/1/2023
P_human_waste,Continuous,P_human_waste,none,PCH.tif,,NutrientInv_2,Mean,1,0,0,0,,No,no,,9/1/2023
P_livestock_Waste,Continuous,P_livestock_Waste,none,PCH.tif,,NutrientInv_2,Mean,1,0,0,0,,No,no,,9/1/2023
P_nf_fertilizer,Continuous,P_nf_fertilizer,none,PCH.tif,,NutrientInv_2,Mean,1,0,0,0,,No,no,,9/1/2023
PADUS,Categorical,lookup/GAP_Status_lookup.csv,none,gap_sts.tif,,PADUS,Percent,1,0,0,0,,No,no,,7/1/2020
PERMH,Continuous,PERMH,none,PERMH.tif,,PERMH,Mean,1,0,0,0,,No,no,,8/20/2021
Pestic97,Continuous,Pestic97,none,pestic.tif,,Pestic97,Mean,1,0,0,0,,No,no,,7/2/2020
Pmax,Continuous,PMAX,none,pmax_usgs.tif,,pmax,Mean,1,0,0,0,,No,no,,7/2/2020
Pmin,Continuous,PMIN,none,pmin_usgs.tif,,pmin,Mean,1,0,0,0,,No,no,,7/2/2020
PointN,Point,PointNSum,none,PointN_usgs.shp,kgn_new,PointN,Density,1,0,0,0,,No,no,,12/29/2021
Precip_Minus_EVT,Continuous,Precip_Minus_EVT,none,USAavgPeriod_pptSurp_1994to2016.tif,,Precip_Minus_EVT,Mean,1,0,0,0,,Yes,yes,Yes,10/30/2020
PRISMppt_2008,Continuous,Precip08,none,PRISMppt_2008.tif,,PRISM_0809,Mean,1,0,0,0,,Yes,yes,Yes,7/3/2020
PRISMppt_2009,Continuous,Precip09,none,PRISMppt_2009.tif,,PRISM_0809,Mean,1,0,0,0,,Yes,yes,Yes,7/3/2020
PRISMtmean_2008,Continuous,Tmean08,none,PRISMtmean_2008.tif,,PRISM_0809,Mean,1,0,0,0,,Yes,yes,,
PRISMtmean_2009,Continuous,Tmean09,none,PRISMtmean_2009.tif,,PRISM_0809,Mean,1,0,0,0,,Yes,yes,Yes,
Precip8110,Continuous,Precip8110,none,PRISM_ppt_81_10.tif,,PRISM_1981_2010,Mean,1,0,0,0,,No,no,,7/3/2020
Tmax8110,Continuous,Tmax8110,none,PRISM_tmax_81_10.tif,,PRISM_1981_2010,Mean,1,0,0,0,,No,no,,7/4/2020
Tmean8110,Continuous,Tmean8110,none,PRISM_tmean_81_10.tif,,PRISM_1981_2010,Mean,1,0,0,0,,No,no,,7/4/2020
Tmin8110,Continuous,Tmin8110,none,PRISM_tmin_81_10.tif,,PRISM_1981_2010,Mean,1,0,0,0,,No,no,,7/4/2020
Precip9120,Continuous,Precip9120,none,PRISM_ppt_91_20.tif,,PRISM_1991_2020,Mean,1,0,0,0,,No,yes,,10/1/2023
Tmax9120,Continuous,Tmax9120,none,PRISM_tmax_91_20.tif,,PRISM_1991_2020,Mean,1,0,0,0,,No,yes,,10/17/2023
Tmean9120,Continuous,Tmean9120,none,PRISM_tmean_91_20.tif,,PRISM_1991_2020,Mean,1,0,0,0,,No,yes,,10/17/2023
Tmin9120,Continuous,Tmin9120,none,PRISM_tmin_91_20.tif,,PRISM_1991_2020,Mean,1,0,0,0,,No,yes,,10/18/2023
PRISM_PPT_200703,Continuous,PRISM_PPT_200703,none,O:\\PRIV\\CPHEA\\PESD\\COR\\CORFILES\\Geospatial_Library_Projects\\StreamCat\\LandscapeRasters\\OriginalDownloads\\USGS_Pesticides_Partnership\\PRISM\\PRISM_ppt_stable_4kmM3_200703_bil.tif,,PRISM_PPT,Mean,1,0,0,0,,No,no,,
PRISM_PPT_200704,Continuous,PRISM_PPT_200704,none,O:\\PRIV\\CPHEA\\PESD\\COR\\CORFILES\\Geospatial_Library_Projects\\StreamCat\\LandscapeRasters\\OriginalDownloads\\USGS_Pesticides_Partnership\\PRISM\\PRISM_ppt_stable_4kmM3_200704_bil.tif,,PRISM_PPT,Mean,1,0,0,0,,No,no,,
PRISM_PPT_200705,Continuous,PRISM_PPT_200705,none,O:\\PRIV\\CPHEA\\PESD\\COR\\CORFILES\\Geospatial_Library_Projects\\StreamCat\\LandscapeRasters\\OriginalDownloads\\USGS_Pesticides_Partnership\\PRISM\\PRISM_ppt_stable_4kmM3_200705_bil.tif,,PRISM_PPT,Mean,1,0,0,0,,No,no,,
PRISM_PPT_200706,Continuous,PRISM_PPT_200706,none,O:\\PRIV\\CPHEA\\PESD\\COR\\CORFILES\\Geospatial_Library_Projects\\StreamCat\\LandscapeRasters\\OriginalDownloads\\USGS_Pesticides_Partnership\\PRISM\\PRISM_ppt_stable_4kmM3_200706_bil.tif,,PRISM_PPT,Mean,1,0,0,0,,No,no,,
PRISM_PPT_200707,Continuous,PRISM_PPT_200707,none,O:\\PRIV\\CPHEA\\PESD\\COR\\CORFILES\\Geospatial_Library_Projects\\StreamCat\\LandscapeRasters\\OriginalDownloads\\USGS_Pesticides_Partnership\\PRISM\\PRISM_ppt_stable_4kmM3_200707_bil.tif,,PRISM_PPT,Mean,1,0,0,0,,No,no,,
PRISM_PPT_200708,Continuous,PRISM_PPT_200708,none,O:\\PRIV\\CPHEA\\PESD\\COR\\CORFILES\\Geospatial_Library_Projects\\StreamCat\\LandscapeRasters\\OriginalDownloads\\USGS_Pesticides_Partnership\\PRISM\\PRISM_ppt_stable_4kmM3_200708_bil.tif,,PRISM_PPT,Mean,1,0,0,0,,No,no,,
PRISM_PPT_200709,Continuous,PRISM_PPT_200709,none,O:\\PRIV\\CPHEA\\PESD\\COR\\CORFILES\\Geospatial_Library_Projects\\StreamCat\\LandscapeRasters\\OriginalDownloads\\USGS_Pesticides_Partnership\\PRISM\\PRISM_ppt_stable_4kmM3_200709_bil.tif,,PRISM_PPT,Mean,1,0,0,0,,No,no,,
PRISM_PPT_200710,Continuous,PRISM_PPT_200710,none,O:\\PRIV\\CPHEA\\PESD\\COR\\CORFILES\\Geospatial_Library_Projects\\StreamCat\\LandscapeRasters\\OriginalDownloads\\USGS_Pesticides_Partnership\\PRISM\\PRISM_ppt_stable_4kmM3_200710_bil.tif,,PRISM_PPT,Mean,1,0,0,0,,No,no,,
PRISM_PPT_201203,Continuous,PRISM_PPT_201203,none,O:\\PRIV\\CPHEA\\PESD\\COR\\CORFILES\\Geospatial_Library_Projects\\StreamCat\\LandscapeRasters\\OriginalDownloads\\USGS_Pesticides_Partnership\\PRISM\\PRISM_ppt_stable_4kmM3_201203_bil.tif,,PRISM_PPT,Mean,1,0,0,0,,No,no,,
PRISM_PPT_201204,Continuous,PRISM_PPT_201204,none,O:\\PRIV\\CPHEA\\PESD\\COR\\CORFILES\\Geospatial_Library_Projects\\StreamCat\\LandscapeRasters\\OriginalDownloads\\USGS_Pesticides_Partnership\\PRISM\\PRISM_ppt_stable_4kmM3_201204_bil.tif,,PRISM_PPT,Mean,1,0,0,0,,No,no,,
PRISM_PPT_201205,Continuous,PRISM_PPT_201205,none,O:\\PRIV\\CPHEA\\PESD\\COR\\CORFILES\\Geospatial_Library_Projects\\StreamCat\\LandscapeRasters\\OriginalDownloads\\USGS_Pesticides_Partnership\\PRISM\\PRISM_ppt_stable_4kmM3_201205_bil.tif,,PRISM_PPT,Mean,1,0,0,0,,No,no,,
PRISM_PPT_201206,Continuous,PRISM_PPT_201206,none,O:\\PRIV\\CPHEA\\PESD\\COR\\CORFILES\\Geospatial_Library_Projects\\StreamCat\\LandscapeRasters\\OriginalDownloads\\USGS_Pesticides_Partnership\\PRISM\\PRISM_ppt_stable_4kmM3_201206_bil.tif,,PRISM_PPT,Mean,1,0,0,0,,No,no,,
PRISM_PPT_201207,Continuous,PRISM_PPT_201207,none,O:\\PRIV\\CPHEA\\PESD\\COR\\CORFILES\\Geospatial_Library_Projects\\StreamCat\\LandscapeRasters\\OriginalDownloads\\USGS_Pesticides_Partnership\\PRISM\\PRISM_ppt_stable_4kmM3_201207_bil.tif,,PRISM_PPT,Mean,1,0,0,0,,No,no,,
PRISM_PPT_201208,Continuous,PRISM_PPT_201208,none,O:\\PRIV\\CPHEA\\PESD\\COR\\CORFILES\\Geospatial_Library_Projects\\StreamCat\\LandscapeRasters\\OriginalDownloads\\USGS_Pesticides_Partnership\\PRISM\\PRISM_ppt_stable_4kmM3_201208_bil.tif,,PRISM_PPT,Mean,1,0,0,0,,No,no,,
PRISM_PPT_201209,Continuous,PRISM_PPT_201209,none,O:\\PRIV\\CPHEA\\PESD\\COR\\CORFILES\\Geospatial_Library_Projects\\StreamCat\\LandscapeRasters\\OriginalDownloads\\USGS_Pesticides_Partnership\\PRISM\\PRISM_ppt_stable_4kmM3_201209_bil.tif,,PRISM_PPT,Mean,1,0,0,0,,No,no,,
PRISM_TMEAN_200703,Continuous,PRISM_TMEAN_200703,none,O:\\PRIV\\CPHEA\\PESD\\COR\\CORFILES\\Geospatial_Library_Projects\\StreamCat\\LandscapeRasters\\OriginalDownloads\\USGS_Pesticides_Partnership\\PRISM\\PRISM_tmean_stable_4kmM3_200703_bil.tif,,PRISM_TMEAN,Mean,1,0,0,0,,No,no,,
PRISM_TMEAN_200704,Continuous,PRISM_TMEAN_200704,none,O:\\PRIV\\CPHEA\\PESD\\COR\\CORFILES\\Geospatial_Library_Projects\\StreamCat\\LandscapeRasters\\OriginalDownloads\\USGS_Pesticides_Partnership\\PRISM\\PRISM_tmean_stable_4kmM3_200704_bil.tif,,PRISM_TMEAN,Mean,1,0,0,0,,No,no,,
PRISM_TMEAN_200705,Continuous,PRISM_TMEAN_200705,none,O:\\PRIV\\CPHEA\\PESD\\COR\\CORFILES\\Geospatial_Library_Projects\\StreamCat\\LandscapeRasters\\OriginalDownloads\\USGS_Pesticides_Partnership\\PRISM\\PRISM_tmean_stable_4kmM3_200705_bil.tif,,PRISM_TMEAN,Mean,1,0,0,0,,No,no,,
PRISM_TMEAN_200706,Continuous,PRISM_TMEAN_200706,none,O:\\PRIV\\CPHEA\\PESD\\COR\\CORFILES\\Geospatial_Library_Projects\\StreamCat\\LandscapeRasters\\OriginalDownloads\\USGS_Pesticides_Partnership\\PRISM\\PRISM_tmean_stable_4kmM3_200706_bil.tif,,PRISM_TMEAN,Mean,1,0,0,0,,No,no,,
PRISM_TMEAN_200707,Continuous,PRISM_TMEAN_200707,none,O:\\PRIV\\CPHEA\\PESD\\COR\\CORFILES\\Geospatial_Library_Projects\\StreamCat\\LandscapeRasters\\OriginalDownloads\\USGS_Pesticides_Partnership\\PRISM\\PRISM_tmean_stable_4kmM3_200707_bil.tif,,PRISM_TMEAN,Mean,1,0,0,0,,No,no,,
PRISM_TMEAN_200708,Continuous,PRISM_TMEAN_200708,none,O:\\PRIV\\CPHEA\\PESD\\COR\\CORFILES\\Geospatial_Library_Projects\\StreamCat\\LandscapeRasters\\OriginalDownloads\\USGS_Pesticides_Partnership\\PRISM\\PRISM_tmean_stable_4kmM3_200708_bil.tif,,PRISM_TMEAN,Mean,1,0,0,0,,No,no,,
PRISM_TMEAN_200709,Continuous,PRISM_TMEAN_200709,none,O:\\PRIV\\CPHEA\\PESD\\COR\\CORFILES\\Geospatial_Library_Projects\\StreamCat\\LandscapeRasters\\OriginalDownloads\\USGS_Pesticides_Partnership\\PRISM\\PRISM_tmean_stable_4kmM3_200709_bil.tif,,PRISM_TMEAN,Mean,1,0,0,0,,No,no,,
PRISM_TMEAN_200710,Continuous,PRISM_TMEAN_200710,none,O:\\PRIV\\CPHEA\\PESD\\COR\\CORFILES\\Geospatial_Library_Projects\\StreamCat\\LandscapeRasters\\OriginalDownloads\\USGS_Pesticides_Partnership\\PRISM\\PRISM_tmean_stable_4kmM3_200710_bil.tif,,PRISM_TMEAN,Mean,1,0,0,0,,No,no,,
PRISM_TMEAN_201203,Continuous,PRISM_TMEAN_201203,none,O:\\PRIV\\CPHEA\\PESD\\COR\\CORFILES\\Geospatial_Library_Projects\\StreamCat\\LandscapeRasters\\OriginalDownloads\\USGS_Pesticides_Partnership\\PRISM\\PRISM_tmean_stable_4kmM3_201203_bil.tif,,PRISM_TMEAN,Mean,1,0,0,0,,No,no,,
PRISM_TMEAN_201204,Continuous,PRISM_TMEAN_201204,none,O:\\PRIV\\CPHEA\\PESD\\COR\\CORFILES\\Geospatial_Library_Projects\\StreamCat\\LandscapeRasters\\OriginalDownloads\\USGS_Pesticides_Partnership\\PRISM\\PRISM_tmean_stable_4kmM3_201204_bil.tif,,PRISM_TMEAN,Mean,1,0,0,0,,No,no,,
PRISM_TMEAN_201205,Continuous,PRISM_TMEAN_201205,none,O:\\PRIV\\CPHEA\\PESD\\COR\\CORFILES\\Geospatial_Library_Projects\\StreamCat\\LandscapeRasters\\OriginalDownloads\\USGS_Pesticides_Partnership\\PRISM\\PRISM_tmean_stable_4kmM3_201205_bil.tif,,PRISM_TMEAN,Mean,1,0,0,0,,No,no,,
PRISM_TMEAN_201206,Continuous,PRISM_TMEAN_201206,none,O:\\PRIV\\CPHEA\\PESD\\COR\\CORFILES\\Geospatial_Library_Projects\\StreamCat\\LandscapeRasters\\OriginalDownloads\\USGS_Pesticides_Partnership\\PRISM\\PRISM_tmean_stable_4kmM3_201206_bil.tif,,PRISM_TMEAN,Mean,1,0,0,0,,No,no,,
PRISM_TMEAN_201207,Continuous,PRISM_TMEAN_201207,none,O:\\PRIV\\CPHEA\\PESD\\COR\\CORFILES\\Geospatial_Library_Projects\\StreamCat\\LandscapeRasters\\OriginalDownloads\\USGS_Pesticides_Partnership\\PRISM\\PRISM_tmean_stable_4kmM3_201207_bil.tif,,PRISM_TMEAN,Mean,1,0,0,0,,No,no,,
PRISM_TMEAN_201208,Continuous,PRISM_TMEAN_201208,none,O:\\PRIV\\CPHEA\\PESD\\COR\\CORFILES\\Geospatial_Library_Projects\\StreamCat\\LandscapeRasters\\OriginalDownloads\\USGS_Pesticides_Partnership\\PRISM\\PRISM_tmean_stable_4kmM3_201208_bil.tif,,PRISM_TMEAN,Mean,1,0,0,0,,No,no,,
PRISM_TMEAN_201209,Continuous,PRISM_TMEAN_201209,none,O:\\PRIV\\CPHEA\\PESD\\COR\\CORFILES\\Geospatial_Library_Projects\\StreamCat\\LandscapeRasters\\OriginalDownloads\\USGS_Pesticides_Partnership\\PRISM\\PRISM_tmean_stable_4kmM3_201209_bil.tif,,PRISM_TMEAN,Mean,1,0,0,0,,No,no,,
PSUMPY_2004,Continuous,PSUMPY_2004,none,PRISMppt_2004_PY.tif,,PSUMPY_2004,Mean,1,0,0,0,,No,no,,10/7/2021
PSUMPY_2005,Continuous,PSUMPY_2005,none,PRISMppt_2005_PY.tif,,PSUMPY_2005,Mean,1,0,0,0,,No,no,,10/7/2021
PSUMPY_2008,Continuous,PSUMPY_2008,none,PRISMppt_2008_PY.tif,,PSUMPY_2008,Mean,1,0,0,0,,No,no,,10/7/2021
PSUMPY_2009,Continuous,PSUMPY_2009,none,PRISMppt_2009_PY.tif,,PSUMPY_2009,Mean,1,0,0,0,,No,no,,10/7/2021
PSUMPY_2013,Continuous,PSUMPY_2013,none,PRISMppt_2013_PY.tif,,PSUMPY_2013,Mean,1,0,0,0,,No,no,,10/7/2021
PSUMPY_2014,Continuous,PSUMPY_2014,none,PRISMppt_2014_PY.tif,,PSUMPY_2014,Mean,1,0,0,0,,No,no,,10/7/2021
PSUMPY_2018,Continuous,PSUMPY_2018,none,PRISMppt_2018_PY.tif,,PSUMPY_2018,Mean,1,0,0,0,,No,no,,10/7/2021
PSUMPY_2019,Continuous,PSUMPY_2019,none,PRISMppt_2019_PY.tif,,PSUMPY_2019,Mean,1,0,0,0,,No,no,,10/7/2021
PsumWs,Continuous,PsumWs,none,psum.tif,,PsumWs,Mean,1,0,0,0,,No,no,,7/3/2020
RdDens,Continuous,RdDens,none,roadden.tif,,RoadDensity,Mean,1,0,0,0,,Yes,yes,Yes,7/3/2020
RdDens_RipBuf100,Continuous,RdDens,Rp100,roadden.tif,,RoadDensityRipBuf100,Mean,1,0,1,0,,Yes,yes,Yes,7/3/2020
RdCrs,Continuous,RdCrs,none,rdstcrs.tif,SlpWtd,RoadStreamCrossings,Density,0.03,0,0,0,,Yes,yes,Yes,7/3/2020
RockN,Continuous,RockN,none,RockN_USA_USGSproj_1km_kgkm2.tif,,RockN,Mean,1,0,0,0,,Yes,yes,Yes,10/31/2020
Runoff,Continuous,Runoff,none,runoff.tif,,Runoff,Mean,1,0,0,0,,Yes,yes,Yes,7/3/2020
Septic,Continuous,Septic,none,septic1990.tif,,Septic,Mean,1,0,0,0,,Yes,yes,Yes,2/23/2021
Slope,Continuous,Slope,none,slope_perc,,Slope,Mean,1,1,0,0,,No,yes,,4/12/2021
Solar_apr2007,Continuous,Solar_apr2007,none,O:\\PRIV\\CPHEA\\PESD\\COR\\CORFILES\\Geospatial_Library_Projects\\StreamCat\\LandscapeRasters\\OriginalDownloads\\USGS_Pesticides_Partnership\\Solar\\Solar_apr2007,,solar,Mean,1,0,0,0,,No,no,,
SOLAR_APR2007,Continuous,SOLAR_APR2007,none,O:\\PRIV\\CPHEA\\PESD\\COR\\CORFILES\\Geospatial_Library_Projects\\StreamCat\\LandscapeRasters\\OriginalDownloads\\USGS_Pesticides_Partnership\\Solar\\Solar_apr2007,,SOLAR,Mean,1,0,0,0,,No,no,,
SOLAR_APR2012,Continuous,SOLAR_APR2012,none,O:\\PRIV\\CPHEA\\PESD\\COR\\CORFILES\\Geospatial_Library_Projects\\StreamCat\\LandscapeRasters\\OriginalDownloads\\USGS_Pesticides_Partnership\\Solar\\Solar_apr2012,,SOLAR,Mean,1,0,0,0,,No,no,,
SOLAR_AUG2007,Continuous,SOLAR_AUG2007,none,O:\\PRIV\\CPHEA\\PESD\\COR\\CORFILES\\Geospatial_Library_Projects\\StreamCat\\LandscapeRasters\\OriginalDownloads\\USGS_Pesticides_Partnership\\Solar\\Solar_aug2007,,SOLAR,Mean,1,0,0,0,,No,no,,
SOLAR_AUG2012,Continuous,SOLAR_AUG2012,none,O:\\PRIV\\CPHEA\\PESD\\COR\\CORFILES\\Geospatial_Library_Projects\\StreamCat\\LandscapeRasters\\OriginalDownloads\\USGS_Pesticides_Partnership\\Solar\\Solar_aug2012,,SOLAR,Mean,1,0,0,0,,No,no,,
SOLAR_JUL2007,Continuous,SOLAR_JUL2007,none,O:\\PRIV\\CPHEA\\PESD\\COR\\CORFILES\\Geospatial_Library_Projects\\StreamCat\\LandscapeRasters\\OriginalDownloads\\USGS_Pesticides_Partnership\\Solar\\Solar_jul2007,,SOLAR,Mean,1,0,0,0,,No,no,,
SOLAR_JUL2012,Continuous,SOLAR_JUL2012,none,O:\\PRIV\\CPHEA\\PESD\\COR\\CORFILES\\Geospatial_Library_Projects\\StreamCat\\LandscapeRasters\\OriginalDownloads\\USGS_Pesticides_Partnership\\Solar\\Solar_jul2012,,SOLAR,Mean,1,0,0,0,,No,no,,
SOLAR_JUN2007,Continuous,SOLAR_JUN2007,none,O:\\PRIV\\CPHEA\\PESD\\COR\\CORFILES\\Geospatial_Library_Projects\\StreamCat\\LandscapeRasters\\OriginalDownloads\\USGS_Pesticides_Partnership\\Solar\\Solar_jun2007,,SOLAR,Mean,1,0,0,0,,No,no,,
SOLAR_JUN2012,Continuous,SOLAR_JUN2012,none,O:\\PRIV\\CPHEA\\PESD\\COR\\CORFILES\\Geospatial_Library_Projects\\StreamCat\\LandscapeRasters\\OriginalDownloads\\USGS_Pesticides_Partnership\\Solar\\Solar_jun2012,,SOLAR,Mean,1,0,0,0,,No,no,,
SOLAR_MAY2007,Continuous,SOLAR_MAY2007,none,O:\\PRIV\\CPHEA\\PESD\\COR\\CORFILES\\Geospatial_Library_Projects\\StreamCat\\LandscapeRasters\\OriginalDownloads\\USGS_Pesticides_Partnership\\Solar\\Solar_may2007,,SOLAR,Mean,1,0,0,0,,No,no,,
SOLAR_MAY2012,Continuous,SOLAR_MAY2012,none,O:\\PRIV\\CPHEA\\PESD\\COR\\CORFILES\\Geospatial_Library_Projects\\StreamCat\\LandscapeRasters\\OriginalDownloads\\USGS_Pesticides_Partnership\\Solar\\Solar_may2012,,SOLAR,Mean,1,0,0,0,,No,no,,
SOLAR_OCT2007,Continuous,SOLAR_OCT2007,none,O:\\PRIV\\CPHEA\\PESD\\COR\\CORFILES\\Geospatial_Library_Projects\\StreamCat\\LandscapeRasters\\OriginalDownloads\\USGS_Pesticides_Partnership\\Solar\\Solar_oct2007,,SOLAR,Mean,1,0,0,0,,No,no,,
SOLAR_SEP2007,Continuous,SOLAR_SEP2007,none,O:\\PRIV\\CPHEA\\PESD\\COR\\CORFILES\\Geospatial_Library_Projects\\StreamCat\\LandscapeRasters\\OriginalDownloads\\USGS_Pesticides_Partnership\\Solar\\Solar_sep2007,,SOLAR,Mean,1,0,0,0,,No,no,,
SOLAR_SEP2012,Continuous,SOLAR_SEP2012,none,O:\\PRIV\\CPHEA\\PESD\\COR\\CORFILES\\Geospatial_Library_Projects\\StreamCat\\LandscapeRasters\\OriginalDownloads\\USGS_Pesticides_Partnership\\Solar\\Solar_sep2012,,SOLAR,Mean,1,0,0,0,,No,no,,
Clay,Continuous,Clay,none,clay.tif,,STATSGO_Set1,Mean,0.01,0,0,0,,Yes,yes,Yes,6/15/2020
Sand,Continuous,Sand,none,sand.tif,,STATSGO_Set1,Mean,0.01,0,0,0,,Yes,yes,Yes,7/4/2020
Om,Continuous,Om,none,om.tif,,STATSGO_Set2,Mean,0.01,0,0,0,,Yes,yes,Yes,7/1/2020
Perm,Continuous,Perm,none,perm.tif,,STATSGO_Set2,Mean,0.01,0,0,0,,Yes,yes,Yes,7/2/2020
RckDep,Continuous,RckDep,none,rckdep.tif,,STATSGO_Set2,Mean,0.01,0,0,0,,Yes,yes,Yes,7/3/2020
WtDep,Continuous,WtDep,none,wtdep.tif,,STATSGO_Set2,Mean,0.01,0,0,0,,Yes,yes,Yes,7/4/2020
SW_Flux,Continuous,sw_flux,none,TN_load_px.tif,,sw_flux,Mean,1,0,0,0,,Yes,yes,Yes,1/24/2021
N_TW2005,Continuous,N_TW2005,none,n_tw2005.tif,,TDEP,Mean,1,0,0,0,,No,no,,6/21/2020
N_TW2006,Continuous,N_TW2006,none,n_tw2006.tif,,TDEP,Mean,1,0,0,0,,No,no,,6/21/2020
N_TW2007,Continuous,N_TW2007,none,n_tw2007.tif,,TDEP,Mean,1,0,0,0,,No,no,,6/21/2020
N_TW2008,Continuous,N_TW2008,none,n_tw2008.tif,,TDEP,Mean,1,0,0,0,,No,no,,6/21/2020
N_TW2009,Continuous,N_TW2009,none,n_tw2009.tif,,TDEP,Mean,1,0,0,0,,No,no,,6/21/2020
N_TW2010,Continuous,N_TW2010,none,n_tw2010.tif,,TDEP,Mean,1,0,0,0,,No,no,,6/21/2020
N_TW2011,Continuous,N_TW2011,none,n_tw2011.tif,,TDEP,Mean,1,0,0,0,,No,no,,6/21/2020
N_TW2012,Continuous,N_TW2012,none,n_tw2012.tif,,TDEP,Mean,1,0,0,0,,No,no,,6/21/2020
NOXI_TW2005,Continuous,NOXI_TW2005,none,noxi_tw2005.tif,,TDEP,Mean,1,0,0,0,,No,no,,7/1/2020
NOXI_TW2006,Continuous,NOXI_TW2006,none,noxi_tw2006.tif,,TDEP,Mean,1,0,0,0,,No,no,,7/1/2020
NOXI_TW2007,Continuous,NOXI_TW2007,none,noxi_tw2007.tif,,TDEP,Mean,1,0,0,0,,No,no,,7/1/2020
NOXI_TW2008,Continuous,NOXI_TW2008,none,noxi_tw2008.tif,,TDEP,Mean,1,0,0,0,,No,no,,7/1/2020
NOXI_TW2009,Continuous,NOXI_TW2009,none,noxi_tw2009.tif,,TDEP,Mean,1,0,0,0,,No,no,,7/1/2020
NOXI_TW2010,Continuous,NOXI_TW2010,none,noxi_tw2010.tif,,TDEP,Mean,1,0,0,0,,No,no,,7/1/2020
NOXI_TW2011,Continuous,NOXI_TW2011,none,noxi_tw2011.tif,,TDEP,Mean,1,0,0,0,,No,no,,7/1/2020
NOXI_TW2012,Continuous,NOXI_TW2012,none,noxi_tw2012.tif,,TDEP,Mean,1,0,0,0,,No,no,,7/1/2020
NRED_TW2005,Continuous,NRED_TW2005,none,nred_tw2005.tif,,TDEP,Mean,1,0,0,0,,No,no,,7/1/2020
NRED_TW2006,Continuous,NRED_TW2006,none,nred_tw2006.tif,,TDEP,Mean,1,0,0,0,,No,no,,7/1/2020
NRED_TW2007,Continuous,NRED_TW2007,none,nred_tw2007.tif,,TDEP,Mean,1,0,0,0,,No,no,,7/1/2020
NRED_TW2008,Continuous,NRED_TW2008,none,nred_tw2008.tif,,TDEP,Mean,1,0,0,0,,No,no,,7/1/2020
NRED_TW2009,Continuous,NRED_TW2009,none,nred_tw2009.tif,,TDEP,Mean,1,0,0,0,,No,no,,7/1/2020
NRED_TW2010,Continuous,NRED_TW2010,none,nred_tw2010.tif,,TDEP,Mean,1,0,0,0,,No,no,,7/1/2020
NRED_TW2011,Continuous,NRED_TW2011,none,nred_tw2011.tif,,TDEP,Mean,1,0,0,0,,No,no,,7/1/2020
NRED_TW2012,Continuous,NRED_TW2012,none,nred_tw2012.tif,,TDEP,Mean,1,0,0,0,,No,no,,7/1/2020
S_TW2005,Continuous,S_TW2005,none,s_tw2005.tif,,TDEP,Mean,1,0,0,0,,No,no,,7/3/2020
S_TW2006,Continuous,S_TW2006,none,s_tw2006.tif,,TDEP,Mean,1,0,0,0,,No,no,,7/3/2020
S_TW2007,Continuous,S_TW2007,none,s_tw2007.tif,,TDEP,Mean,1,0,0,0,,No,no,,7/3/2020
S_TW2008,Continuous,S_TW2008,none,s_tw2008.tif,,TDEP,Mean,1,0,0,0,,No,no,,7/3/2020
S_TW2009,Continuous,S_TW2009,none,s_tw2009.tif,,TDEP,Mean,1,0,0,0,,No,no,,7/3/2020
S_TW2010,Continuous,S_TW2010,none,s_tw2010.tif,,TDEP,Mean,1,0,0,0,,No,no,,7/3/2020
S_TW2011,Continuous,S_TW2011,none,s_tw2011.tif,,TDEP,Mean,1,0,0,0,,No,no,,7/3/2020
S_TW2012,Continuous,S_TW2012,none,s_tw2012.tif,,TDEP,Mean,1,0,0,0,,No,no,,7/4/2020
US_Level_III_Ecoregions,Categorical,lookup/US_Level_III_Ecoregions_lookup.csv,none,US_Level_III_Ecoregions.tif,,US_Level_III_Ecoregions,Percent,1,0,0,0,,No,no,,7/10/2020
HUDen2010,Continuous,HUDen2010,none,HU_SQKM.tif,,USCensus2010,Mean,1,0,0,0,,Yes,yes,Yes,6/18/2020
PopDen2010,Continuous,PopDen2010,none,POP_SQKM.tif,,USCensus2010,Mean,1,0,0,0,,Yes,yes,Yes,7/3/2020
HUDen2010_RipBuf100,Continuous,HUDen2010,Rp100,HU_SQKM.tif,,USCensus2010RipBuf100,Mean,1,0,1,0,,Yes,yes,Yes,6/18/2020
PopDen2010_RipBuf100,Continuous,PopDen2010,Rp100,POP_SQKM.tif,,USCensus2010RipBuf100,Mean,1,0,1,0,,Yes,yes,Yes,7/3/2020
wdrw_LD,Continuous,wdrw_LD,none,wdrw_onag12_v3.tif,,wdrw_LD,Mean,3.79E-06,0,0,0,,Yes,yes,Yes,2/22/2021
WetnessIndex,Continuous,WetIndex,none,wetness_index.tif,,WetIndex,Mean,1,0,0,0,,Yes,yes,Yes,7/4/2020
WWTPAll,Point,WWTPAllDens,none,WWTP_All_CWA_Active_2013_CONUS.shp,,WWTP,Density,1,0,0,0,,Yes,yes,,12/29/2021
WWTPMajor,Point,WWTPMajorDens,none,WWTP_Major_CWA_Active_2013_CONUS.shp,,WWTP,Density,1,0,0,0,,Yes,yes,,12/30/2021
WWTPMinor,Point,WWTPMinorDens,none,WWTP_Minor_CWA_Active_2013_CONUS.shp,,WWTP,Density,1,0,0,0,,Yes,yes,,12/30/2021
WetnessIndex,Continuous,WetIndex,none,wetness_index.tif,,WetIndex,Mean,1,0,0,0,,Yes,yes,Yes,7/4/2020
NPP_YrMean,Continuous,NPP_YrMean,none,E:\WorkingData\To_Be_Flow_Accumulated,,ClimTerms_2012_10,Mean,1,0,0,1,,No,No,No,5/6/2024
NPP,Continuous,NPP,none,E:\WorkingData\To_Be_Flow_Accumulated,,ClimTerms_2012_10,Mean,1,0,0,1,,No,No,No,5/6/2024
Precip_YrMean,Continuous,Precip_YrMean,none,E:\WorkingData\To_Be_Flow_Accumulated,,ClimTerms_2012_10,Mean,1,0,0,1,,No,No,No,5/6/2024
LST_YrMean,Continuous,LST_YrMean,none,E:\WorkingData\To_Be_Flow_Accumulated,,ClimTerms_2012_10,Mean,1,0,0,1,,No,No,No,5/6/2024
LST,Continuous,LST,none,E:\WorkingData\To_Be_Flow_Accumulated,,ClimTerms_2012_10,Mean,1,0,0,1,,No,No,No,5/6/2024
SNOW_YrMean,Continuous,SNOW_YrMean,none,E:\WorkingData\To_Be_Flow_Accumulated,,ClimTerms_2012_10,Mean,1,0,0,1,,No,No,No,5/6/2024
